sme_id,year,revenue,ebitda_margin,debt_to_equity
1,2020,10329198.0,0.21,2.2
1,2021,9448192.0,0.12,1.63
1,2022,11541386.0,0.08,2.1
1,2023,9116900.0,0.08,1.3
1,2024,14244891.0,0.27,1.38
2,2020,10375138.0,0.18,0.45
2,2021,9229549.0,0.32,1.98
2,2022,13072860.0,0.27,1.11
2,2023,5132429.0,0.11,1.3
2,2024,11022965.0,0.23,1.98
3,2020,10076714.0,0.18,1.54
3,2021,5767448.0,0.22,0.58
3,2022,4874490.0,0.27,1.52
3,2023,13031035.0,0.29,1.08
3,2024,12888372.0,0.3,1.23
4,2020,10517675.0,0.13,0.17
4,2021,15149973.0,0.06,0.6
4,2022,11322905.0,0.27,0.77
4,2023,13749416.0,0.08,1.81
4,2024,11260974.0,0.14,0.13
5,2020,9172571.0,0.05,1.08
5,2021,6827406.0,0.25,2.32
5,2022,8189691.0,0.1,0.37
5,2023,9228633.0,0.25,1.34
5,2024,14089459.0,0.35,1.99
6,2020,12309759.0,0.07,2.36
6,2021,10990957.0,0.07,1.89
6,2022,12610030.0,0.15,1.83
6,2023,11582151.0,0.31,2.08
6,2024,10785813.0,0.11,1.17
7,2020,5504022.0,0.16,2.03
7,2021,13417473.0,0.07,0.12
7,2022,8624464.0,0.28,2.32
7,2023,13265621.0,0.17,1.16
7,2024,13555631.0,0.28,1.43
8,2020,7989882.0,0.32,0.71
8,2021,12849148.0,0.12,1.88
8,2022,8917038.0,0.29,0.28
8,2023,8934903.0,0.07,2.19
8,2024,10772420.0,0.32,2.09
9,2020,10853418.0,0.25,0.62
9,2021,10115655.0,0.31,2.04
9,2022,5997136.0,0.05,1.99
9,2023,9635660.0,0.1,1.62
9,2024,16835436.0,0.17,1.0
10,2020,1647987.0,0.16,0.75
10,2021,12609221.0,0.12,0.66
10,2022,13171375.0,0.16,0.86
10,2023,5924957.0,0.09,2.27
10,2024,8591683.0,0.17,0.29
11,2020,6997849.0,0.29,2.09
11,2021,15561896.0,0.19,0.94
11,2022,13309076.0,0.06,1.35
11,2023,13454276.0,0.18,2.01
11,2024,10361942.0,0.06,2.22
12,2020,13936276.0,0.34,0.93
12,2021,9975290.0,0.09,1.21
12,2022,14077473.0,0.26,1.09
12,2023,9553911.0,0.34,0.13
12,2024,7962274.0,0.3,0.81
13,2020,15432851.0,0.26,1.2
13,2021,9937454.0,0.3,1.09
13,2022,7303600.0,0.34,1.83
13,2023,7271098.0,0.24,1.02
13,2024,7280264.0,0.22,1.27
14,2020,12533327.0,0.24,1.13
14,2021,9703411.0,0.21,1.88
14,2022,16893877.0,0.24,2.17
14,2023,13558535.0,0.18,1.38
14,2024,10771414.0,0.12,1.99
15,2020,14211693.0,0.09,0.81
15,2021,8513478.0,0.07,1.4
15,2022,4435643.0,0.13,0.93
15,2023,7031251.0,0.06,1.09
15,2024,10441623.0,0.22,1.86
16,2020,9332376.0,0.14,2.22
16,2021,12473246.0,0.3,0.39
16,2022,9626159.0,0.07,1.62
16,2023,12244104.0,0.12,1.5
16,2024,14502915.0,0.27,0.38
17,2020,9616912.0,0.23,0.61
17,2021,11665436.0,0.07,0.85
17,2022,4735639.0,0.31,0.5
17,2023,9628318.0,0.31,0.68
17,2024,6304126.0,0.15,0.74
18,2020,10435680.0,0.15,0.91
18,2021,10707999.0,0.35,1.9
18,2022,10698029.0,0.24,1.47
18,2023,8559632.0,0.21,2.47
18,2024,16895407.0,0.3,1.1
19,2020,6195935.0,0.14,1.91
19,2021,6012563.0,0.18,2.19
19,2022,14964935.0,0.13,1.73
19,2023,7887163.0,0.29,1.09
19,2024,7165928.0,0.22,1.91
20,2020,16908736.0,0.25,0.59
20,2021,12957168.0,0.13,0.89
20,2022,8216606.0,0.12,1.41
20,2023,10652524.0,0.2,1.48
20,2024,15837614.0,0.27,0.15
21,2020,12074862.0,0.21,2.37
21,2021,13858445.0,0.06,1.77
21,2022,12414410.0,0.31,1.29
21,2023,12790760.0,0.07,2.34
21,2024,10119225.0,0.34,1.15
22,2020,10034045.0,0.06,2.45
22,2021,10801151.0,0.26,1.33
22,2022,12203358.0,0.07,0.37
22,2023,9150054.0,0.32,1.94
22,2024,10366162.0,0.19,1.73
23,2020,9068963.0,0.09,1.96
23,2021,10347054.0,0.15,2.38
23,2022,6247011.0,0.1,1.96
23,2023,17817932.0,0.1,1.57
23,2024,7801180.0,0.33,2.16
24,2020,8915618.0,0.18,1.72
24,2021,7542207.0,0.29,1.08
24,2022,11847126.0,0.24,2.23
24,2023,9411992.0,0.25,0.63
24,2024,7108577.0,0.09,1.82
25,2020,11970650.0,0.12,2.22
25,2021,12374947.0,0.29,1.86
25,2022,9799371.0,0.34,1.77
25,2023,8009122.0,0.13,1.91
25,2024,16573198.0,0.13,1.22
26,2020,11020203.0,0.19,2.2
26,2021,6177793.0,0.35,0.59
26,2022,14242121.0,0.13,0.41
26,2023,7432676.0,0.17,0.79
26,2024,18225635.0,0.32,1.38
27,2020,10238974.0,0.05,1.33
27,2021,13039948.0,0.06,2.07
27,2022,3759947.0,0.23,1.07
27,2023,6147577.0,0.32,1.26
27,2024,14001579.0,0.12,0.13
28,2020,10953445.0,0.19,1.08
28,2021,16127189.0,0.19,1.65
28,2022,11455525.0,0.19,0.14
28,2023,10435889.0,0.24,0.77
28,2024,15140722.0,0.19,0.6
29,2020,13030411.0,0.18,0.2
29,2021,9411216.0,0.19,1.25
29,2022,6717688.0,0.23,0.54
29,2023,2885153.0,0.21,1.88
29,2024,8687003.0,0.31,2.14
30,2020,6440995.0,0.06,1.41
30,2021,17793114.0,0.3,2.46
30,2022,8048887.0,0.3,1.18
30,2023,7966873.0,0.14,1.33
30,2024,5436265.0,0.19,2.47
31,2020,9201048.0,0.18,0.66
31,2021,8006395.0,0.12,2.36
31,2022,15213188.0,0.17,0.2
31,2023,10505428.0,0.06,1.17
31,2024,9973408.0,0.13,0.27
32,2020,9595982.0,0.3,1.85
32,2021,12358525.0,0.14,1.56
32,2022,8643016.0,0.3,1.8
32,2023,12001618.0,0.21,1.0
32,2024,14841909.0,0.31,0.99
33,2020,11380225.0,0.22,0.21
33,2021,9250806.0,0.06,0.94
33,2022,7139622.0,0.25,2.33
33,2023,9174628.0,0.06,1.01
33,2024,11689237.0,0.19,2.1
34,2020,5402418.0,0.33,2.12
34,2021,12494628.0,0.1,1.0
34,2022,10622838.0,0.17,1.62
34,2023,9552433.0,0.27,0.33
34,2024,8021760.0,0.31,0.35
35,2020,8570867.0,0.25,0.22
35,2021,11791918.0,0.13,1.49
35,2022,9615365.0,0.25,1.12
35,2023,8496580.0,0.14,1.42
35,2024,11405690.0,0.27,1.35
36,2020,11524569.0,0.34,0.94
36,2021,6252475.0,0.27,1.73
36,2022,11714442.0,0.31,1.92
36,2023,17505095.0,0.05,0.14
36,2024,11408862.0,0.27,0.6
37,2020,4902978.0,0.3,1.81
37,2021,10532126.0,0.06,1.03
37,2022,4507554.0,0.31,1.69
37,2023,19502115.0,0.13,0.93
37,2024,16707024.0,0.25,1.04
38,2020,8002185.0,0.29,0.48
38,2021,3262998.0,0.25,0.72
38,2022,7364886.0,0.08,1.55
38,2023,9457028.0,0.23,1.14
38,2024,4714409.0,0.21,1.96
39,2020,9792932.0,0.32,2.15
39,2021,9437264.0,0.17,1.4
39,2022,10375464.0,0.15,1.92
39,2023,10688936.0,0.27,0.84
39,2024,7103147.0,0.17,1.1
40,2020,7439758.0,0.24,1.81
40,2021,10136776.0,0.24,1.03
40,2022,8107024.0,0.32,1.51
40,2023,12722484.0,0.23,0.54
40,2024,10107684.0,0.2,1.54
41,2020,15595010.0,0.09,2.17
41,2021,12461447.0,0.08,2.18
41,2022,13311142.0,0.1,1.84
41,2023,10397698.0,0.1,1.89
41,2024,10472085.0,0.24,1.44
42,2020,15193962.0,0.27,1.5
42,2021,8865121.0,0.21,0.42
42,2022,11640338.0,0.3,1.17
42,2023,9201287.0,0.35,1.18
42,2024,9194092.0,0.3,2.4
43,2020,6493311.0,0.26,1.13
43,2021,7772457.0,0.21,1.42
43,2022,7215192.0,0.18,1.38
43,2023,11783106.0,0.08,1.63
43,2024,13120618.0,0.17,1.9
44,2020,9715740.0,0.32,0.64
44,2021,10688884.0,0.29,1.37
44,2022,9542586.0,0.11,2.08
44,2023,7567672.0,0.19,1.21
44,2024,12586789.0,0.3,0.77
45,2020,11957604.0,0.07,1.67
45,2021,4322362.0,0.17,2.08
45,2022,9150673.0,0.31,0.25
45,2023,7353918.0,0.17,1.96
45,2024,8827184.0,0.07,2.07
46,2020,7988705.0,0.21,1.21
46,2021,9860739.0,0.31,2.46
46,2022,9010256.0,0.23,1.99
46,2023,8946578.0,0.12,1.96
46,2024,13322165.0,0.17,1.89
47,2020,11671536.0,0.19,0.46
47,2021,7888316.0,0.22,0.62
47,2022,8333360.0,0.28,1.21
47,2023,11475379.0,0.08,0.73
47,2024,11471259.0,0.32,1.1
48,2020,8188659.0,0.05,2.23
48,2021,9298028.0,0.16,2.08
48,2022,15540418.0,0.06,1.61
48,2023,8240356.0,0.17,2.16
48,2024,15732414.0,0.21,1.98
49,2020,13311001.0,0.2,1.13
49,2021,15176249.0,0.1,0.58
49,2022,8112784.0,0.24,1.33
49,2023,9494332.0,0.06,1.87
49,2024,8652509.0,0.28,1.15
50,2020,13380260.0,0.33,1.7
50,2021,8296949.0,0.15,0.33
50,2022,12193646.0,0.21,1.9
50,2023,12034898.0,0.16,2.05
50,2024,9855911.0,0.05,1.8
51,2020,13895979.0,0.17,2.42
51,2021,10323040.0,0.29,2.08
51,2022,12502257.0,0.23,2.27
51,2023,8515890.0,0.08,2.34
51,2024,7829690.0,0.3,2.02
52,2020,12193437.0,0.21,1.72
52,2021,11292521.0,0.3,0.11
52,2022,10729923.0,0.22,1.22
52,2023,8968935.0,0.22,1.47
52,2024,14647628.0,0.08,0.83
53,2020,6650243.0,0.1,0.86
53,2021,6485971.0,0.34,2.41
53,2022,12826500.0,0.12,2.24
53,2023,12580289.0,0.34,2.14
53,2024,11061288.0,0.21,1.07
54,2020,9136143.0,0.09,0.13
54,2021,11507266.0,0.08,0.29
54,2022,15162491.0,0.11,0.85
54,2023,17546639.0,0.33,0.14
54,2024,5030759.0,0.17,0.14
55,2020,8743240.0,0.17,2.3
55,2021,8554680.0,0.14,1.79
55,2022,14879558.0,0.09,0.84
55,2023,2556115.0,0.2,0.42
55,2024,11541506.0,0.09,1.33
56,2020,9229569.0,0.3,0.11
56,2021,14914338.0,0.16,2.35
56,2022,14503117.0,0.16,1.1
56,2023,11096520.0,0.19,1.07
56,2024,5260831.0,0.18,1.04
57,2020,8278332.0,0.35,0.27
57,2021,8606827.0,0.21,1.63
57,2022,6020636.0,0.08,1.86
57,2023,13463753.0,0.23,1.72
57,2024,5639721.0,0.1,0.43
58,2020,15895983.0,0.06,1.49
58,2021,15888468.0,0.34,1.47
58,2022,8844819.0,0.28,2.18
58,2023,10985486.0,0.34,1.01
58,2024,9783150.0,0.19,0.99
59,2020,12705474.0,0.21,1.58
59,2021,13824032.0,0.1,1.62
59,2022,10773991.0,0.12,1.23
59,2023,11407350.0,0.3,1.16
59,2024,8138187.0,0.16,1.29
60,2020,11310142.0,0.3,2.17
60,2021,10488286.0,0.26,1.21
60,2022,7264617.0,0.1,2.36
60,2023,9957889.0,0.2,1.31
60,2024,8850452.0,0.25,2.38
61,2020,8171513.0,0.12,2.1
61,2021,6560526.0,0.3,0.97
61,2022,10187508.0,0.21,2.17
61,2023,7658578.0,0.1,0.36
61,2024,8586675.0,0.22,2.32
62,2020,13225373.0,0.35,1.62
62,2021,11896348.0,0.1,0.23
62,2022,7063700.0,0.3,1.65
62,2023,11055673.0,0.11,2.44
62,2024,10398342.0,0.28,0.27
63,2020,15105089.0,0.27,1.43
63,2021,14149435.0,0.14,1.89
63,2022,5398754.0,0.15,2.04
63,2023,12583383.0,0.29,1.09
63,2024,13795592.0,0.19,0.59
64,2020,11678078.0,0.27,0.2
64,2021,8993764.0,0.09,1.49
64,2022,17240182.0,0.31,1.19
64,2023,11954228.0,0.26,2.38
64,2024,15929633.0,0.32,0.25
65,2020,14054435.0,0.09,1.74
65,2021,11392404.0,0.23,0.16
65,2022,8260897.0,0.23,0.51
65,2023,9927685.0,0.16,1.19
65,2024,9334263.0,0.19,1.19
66,2020,6356443.0,0.06,1.75
66,2021,11950845.0,0.27,2.28
66,2022,14702059.0,0.21,1.63
66,2023,9105090.0,0.07,2.39
66,2024,16490969.0,0.25,2.22
67,2020,5327252.0,0.19,1.5
67,2021,13163091.0,0.06,2.1
67,2022,15014561.0,0.34,1.64
67,2023,9387908.0,0.33,0.29
67,2024,9441830.0,0.2,1.88
68,2020,13128296.0,0.08,0.33
68,2021,11517973.0,0.28,1.53
68,2022,4007766.0,0.2,1.79
68,2023,7469881.0,0.14,0.26
68,2024,9959351.0,0.2,0.65
69,2020,5890905.0,0.21,2.3
69,2021,8577477.0,0.22,1.58
69,2022,5965944.0,0.18,0.69
69,2023,8889488.0,0.23,1.76
69,2024,8990132.0,0.33,1.53
70,2020,11055264.0,0.16,1.3
70,2021,9724722.0,0.27,2.44
70,2022,11508369.0,0.32,1.74
70,2023,11150632.0,0.19,1.0
70,2024,13094020.0,0.18,2.02
71,2020,12621349.0,0.23,2.22
71,2021,12304372.0,0.23,0.4
71,2022,19314602.0,0.29,0.58
71,2023,11042208.0,0.19,0.62
71,2024,17780715.0,0.35,1.76
72,2020,11236655.0,0.07,1.55
72,2021,9751447.0,0.05,1.59
72,2022,8880504.0,0.24,2.36
72,2023,14529177.0,0.14,1.96
72,2024,14921510.0,0.12,0.41
73,2020,11799352.0,0.14,0.93
73,2021,13400640.0,0.13,1.14
73,2022,6168339.0,0.06,1.05
73,2023,5353661.0,0.34,1.71
73,2024,13738981.0,0.12,2.24
74,2020,9619566.0,0.27,0.83
74,2021,12247907.0,0.28,1.42
74,2022,7848136.0,0.33,1.99
74,2023,14970965.0,0.06,1.1
74,2024,5378744.0,0.31,0.5
75,2020,5843245.0,0.21,1.24
75,2021,14332935.0,0.24,0.23
75,2022,2170475.0,0.24,2.36
75,2023,11135707.0,0.3,0.28
75,2024,9678022.0,0.15,1.15
76,2020,7792144.0,0.27,1.37
76,2021,9400180.0,0.21,2.46
76,2022,7457430.0,0.29,0.5
76,2023,14626768.0,0.35,0.37
76,2024,15413491.0,0.11,0.12
77,2020,7942787.0,0.35,0.47
77,2021,10826575.0,0.08,0.6
77,2022,6024771.0,0.05,1.61
77,2023,13219156.0,0.06,0.63
77,2024,13141028.0,0.15,0.15
78,2020,9114213.0,0.24,2.08
78,2021,10050655.0,0.07,0.98
78,2022,9718704.0,0.05,0.95
78,2023,5144626.0,0.33,0.83
78,2024,14638012.0,0.3,2.44
79,2020,7699140.0,0.29,0.51
79,2021,7719552.0,0.32,2.26
79,2022,9548740.0,0.26,1.96
79,2023,12986646.0,0.08,0.28
79,2024,8226090.0,0.17,2.47
80,2020,4143444.0,0.27,0.75
80,2021,7339006.0,0.13,0.34
80,2022,11272421.0,0.26,2.09
80,2023,16569251.0,0.06,1.8
80,2024,6220240.0,0.14,1.58
81,2020,6110495.0,0.21,0.47
81,2021,5462213.0,0.24,1.25
81,2022,5089825.0,0.22,1.97
81,2023,13617074.0,0.26,0.83
81,2024,14484066.0,0.05,0.85
82,2020,10533268.0,0.08,0.11
82,2021,8596862.0,0.31,0.52
82,2022,15373431.0,0.25,2.2
82,2023,10521724.0,0.08,1.16
82,2024,13268310.0,0.3,2.46
83,2020,8450653.0,0.12,1.05
83,2021,10132732.0,0.19,1.82
83,2022,6287975.0,0.09,0.78
83,2023,11887747.0,0.26,0.97
83,2024,10572813.0,0.25,0.56
84,2020,7316310.0,0.11,0.93
84,2021,7356679.0,0.31,1.41
84,2022,14847876.0,0.17,2.48
84,2023,15915006.0,0.14,1.69
84,2024,9360594.0,0.1,0.58
85,2020,10203261.0,0.13,0.21
85,2021,11200343.0,0.06,0.4
85,2022,10444095.0,0.22,1.45
85,2023,4977107.0,0.3,1.94
85,2024,11283612.0,0.21,2.36
86,2020,3736333.0,0.12,0.14
86,2021,7801947.0,0.06,1.35
86,2022,11516281.0,0.11,1.23
86,2023,11799983.0,0.17,1.67
86,2024,7569781.0,0.28,1.44
87,2020,8624689.0,0.11,1.75
87,2021,8218490.0,0.27,1.68
87,2022,9691468.0,0.31,0.38
87,2023,9919617.0,0.19,2.02
87,2024,12005404.0,0.3,0.4
88,2020,8449309.0,0.22,1.78
88,2021,11120189.0,0.24,1.1
88,2022,11521047.0,0.21,1.33
88,2023,10594868.0,0.19,2.27
88,2024,9221183.0,0.12,2.24
89,2020,10541936.0,0.14,2.06
89,2021,12255221.0,0.14,1.32
89,2022,12517555.0,0.22,1.87
89,2023,15446118.0,0.09,1.33
89,2024,7029921.0,0.33,2.19
90,2020,8679978.0,0.27,1.07
90,2021,5159594.0,0.17,2.43
90,2022,12793028.0,0.1,2.34
90,2023,8996477.0,0.31,1.88
90,2024,10618573.0,0.3,0.77
91,2020,8186984.0,0.27,0.42
91,2021,9019888.0,0.13,2.15
91,2022,13669570.0,0.17,0.5
91,2023,12082700.0,0.08,2.15
91,2024,9665434.0,0.11,1.28
92,2020,12303442.0,0.28,1.08
92,2021,12369700.0,0.26,2.27
92,2022,8825723.0,0.23,1.55
92,2023,5592761.0,0.32,1.48
92,2024,7302515.0,0.22,1.44
93,2020,5978414.0,0.19,0.99
93,2021,13493304.0,0.15,1.99
93,2022,14014346.0,0.33,0.71
93,2023,14759122.0,0.07,2.35
93,2024,3941333.0,0.33,2.25
94,2020,13214203.0,0.3,0.91
94,2021,16636574.0,0.09,1.85
94,2022,13335963.0,0.22,1.48
94,2023,3546311.0,0.31,0.91
94,2024,15304895.0,0.22,2.47
95,2020,10125067.0,0.32,0.16
95,2021,9302803.0,0.33,0.71
95,2022,11353286.0,0.18,1.35
95,2023,6852979.0,0.16,1.35
95,2024,10008347.0,0.33,1.51
96,2020,14861289.0,0.25,1.9
96,2021,11867191.0,0.08,1.6
96,2022,10175204.0,0.06,1.54
96,2023,10268824.0,0.22,0.23
96,2024,6455818.0,0.33,1.0
97,2020,9550036.0,0.3,0.66
97,2021,5097114.0,0.25,0.74
97,2022,13067323.0,0.09,1.43
97,2023,3442869.0,0.13,0.58
97,2024,12564701.0,0.31,0.81
98,2020,12938233.0,0.1,0.67
98,2021,13956294.0,0.13,2.38
98,2022,10260577.0,0.09,2.37
98,2023,12749885.0,0.25,1.56
98,2024,9520760.0,0.33,2.32
99,2020,6439909.0,0.13,1.99
99,2021,14592197.0,0.19,1.52
99,2022,9709343.0,0.24,0.12
99,2023,5771466.0,0.35,1.95
99,2024,8599555.0,0.08,1.79
100,2020,8718026.0,0.2,1.58
100,2021,11385091.0,0.17,1.93
100,2022,17041142.0,0.31,1.33
100,2023,11567256.0,0.19,1.79
100,2024,10620532.0,0.08,2.34
101,2020,17367329.0,0.24,1.0
101,2021,12936681.0,0.28,1.8
101,2022,10762748.0,0.05,1.24
101,2023,8561764.0,0.31,1.72
101,2024,10948600.0,0.11,1.93
102,2020,9800829.0,0.22,0.21
102,2021,10274302.0,0.17,1.65
102,2022,13943207.0,0.27,0.64
102,2023,8379033.0,0.16,1.71
102,2024,11540622.0,0.31,1.22
103,2020,12846820.0,0.27,1.96
103,2021,8013662.0,0.24,0.4
103,2022,7532136.0,0.29,1.6
103,2023,9548974.0,0.28,0.77
103,2024,8615111.0,0.06,2.15
104,2020,13456998.0,0.17,2.33
104,2021,6994695.0,0.33,2.49
104,2022,10205414.0,0.09,2.01
104,2023,17638145.0,0.27,1.91
104,2024,11239170.0,0.34,0.62
105,2020,11737870.0,0.07,0.91
105,2021,13482047.0,0.25,1.22
105,2022,8611153.0,0.19,1.96
105,2023,6755741.0,0.22,2.3
105,2024,10529534.0,0.08,0.55
106,2020,10796211.0,0.06,2.31
106,2021,5145368.0,0.25,1.77
106,2022,11125216.0,0.3,1.57
106,2023,13209551.0,0.28,0.58
106,2024,7261156.0,0.21,0.23
107,2020,11306668.0,0.08,1.46
107,2021,12676791.0,0.26,1.66
107,2022,11760035.0,0.12,0.61
107,2023,12043019.0,0.32,1.44
107,2024,9265599.0,0.3,2.16
108,2020,6617487.0,0.26,2.1
108,2021,8658561.0,0.33,2.33
108,2022,8241829.0,0.06,0.98
108,2023,9759223.0,0.27,0.86
108,2024,13279813.0,0.15,1.9
109,2020,6064480.0,0.32,1.13
109,2021,10432750.0,0.13,0.31
109,2022,6809795.0,0.27,0.78
109,2023,7779859.0,0.31,1.1
109,2024,11676222.0,0.06,0.8
110,2020,6430165.0,0.17,0.9
110,2021,12202733.0,0.28,0.81
110,2022,5943507.0,0.19,0.2
110,2023,12000941.0,0.13,1.63
110,2024,5351406.0,0.12,1.53
111,2020,8146562.0,0.09,1.67
111,2021,15689483.0,0.31,0.56
111,2022,15125639.0,0.22,0.81
111,2023,8762426.0,0.07,1.59
111,2024,11169882.0,0.16,1.54
112,2020,13612204.0,0.16,1.32
112,2021,12043889.0,0.1,0.94
112,2022,9179607.0,0.18,2.29
112,2023,7754094.0,0.15,0.92
112,2024,12604309.0,0.15,1.19
113,2020,13392110.0,0.27,1.73
113,2021,15147106.0,0.12,1.4
113,2022,4938252.0,0.24,0.93
113,2023,6240626.0,0.22,1.15
113,2024,13485771.0,0.22,2.01
114,2020,5345408.0,0.25,0.77
114,2021,13715650.0,0.21,0.44
114,2022,9355202.0,0.31,0.85
114,2023,8437259.0,0.25,2.14
114,2024,10616286.0,0.21,0.31
115,2020,5963895.0,0.3,2.48
115,2021,12472044.0,0.23,1.4
115,2022,15068911.0,0.14,2.46
115,2023,12611729.0,0.11,2.35
115,2024,9260474.0,0.1,1.19
116,2020,5385893.0,0.32,0.58
116,2021,5501238.0,0.26,0.5
116,2022,6011070.0,0.33,0.68
116,2023,9963165.0,0.23,1.8
116,2024,10340200.0,0.19,0.76
117,2020,12605331.0,0.07,0.92
117,2021,4611913.0,0.25,1.18
117,2022,13933631.0,0.22,2.29
117,2023,12083219.0,0.35,0.55
117,2024,9019491.0,0.12,0.11
118,2020,6430715.0,0.21,0.24
118,2021,13747422.0,0.25,2.27
118,2022,9099718.0,0.24,1.65
118,2023,9939943.0,0.22,0.76
118,2024,11150836.0,0.28,0.53
119,2020,7260403.0,0.11,0.81
119,2021,9153458.0,0.27,0.38
119,2022,12595951.0,0.24,2.36
119,2023,12292288.0,0.32,1.98
119,2024,12319322.0,0.3,1.21
120,2020,6534461.0,0.14,2.18
120,2021,9290259.0,0.13,0.7
120,2022,8810818.0,0.34,1.82
120,2023,11275537.0,0.21,2.15
120,2024,11006974.0,0.32,0.96
121,2020,10466282.0,0.1,1.92
121,2021,17397202.0,0.24,0.81
121,2022,9127582.0,0.29,0.82
121,2023,8776531.0,0.33,0.36
121,2024,6529751.0,0.15,1.16
122,2020,5386458.0,0.27,1.85
122,2021,6339048.0,0.21,2.36
122,2022,7843954.0,0.07,1.55
122,2023,13930219.0,0.26,2.17
122,2024,10117492.0,0.26,2.07
123,2020,10579992.0,0.33,0.52
123,2021,9711180.0,0.2,1.27
123,2022,11095903.0,0.12,0.38
123,2023,14206216.0,0.06,1.74
123,2024,4018207.0,0.17,2.38
124,2020,13655012.0,0.14,0.43
124,2021,2454885.0,0.28,1.86
124,2022,10084608.0,0.16,1.62
124,2023,16575722.0,0.33,1.5
124,2024,12041974.0,0.34,1.04
125,2020,11119177.0,0.24,0.95
125,2021,16005838.0,0.33,0.21
125,2022,7890811.0,0.28,0.62
125,2023,11301902.0,0.21,0.14
125,2024,11734351.0,0.1,1.5
126,2020,8432794.0,0.19,0.35
126,2021,8697669.0,0.22,2.2
126,2022,8368662.0,0.31,1.36
126,2023,10261945.0,0.19,1.78
126,2024,11640075.0,0.32,1.09
127,2020,10369691.0,0.25,1.45
127,2021,12128385.0,0.09,2.36
127,2022,4092558.0,0.35,0.3
127,2023,9345247.0,0.21,0.71
127,2024,6929742.0,0.17,1.97
128,2020,10905168.0,0.25,0.34
128,2021,10860752.0,0.08,0.28
128,2022,9653134.0,0.24,0.97
128,2023,11530837.0,0.2,0.32
128,2024,12993438.0,0.17,1.5
129,2020,9818438.0,0.34,0.64
129,2021,6844915.0,0.21,2.25
129,2022,5256227.0,0.12,1.98
129,2023,10108331.0,0.19,1.78
129,2024,10725600.0,0.33,1.58
130,2020,7091428.0,0.1,2.17
130,2021,12177300.0,0.11,0.64
130,2022,8623129.0,0.05,2.2
130,2023,5030701.0,0.05,1.99
130,2024,13769309.0,0.3,1.9
131,2020,13431964.0,0.27,1.45
131,2021,3953202.0,0.16,0.69
131,2022,8312199.0,0.26,1.12
131,2023,8195249.0,0.17,2.0
131,2024,14918466.0,0.34,0.18
132,2020,9702122.0,0.34,1.98
132,2021,5512365.0,0.17,0.68
132,2022,12646314.0,0.31,0.45
132,2023,6307673.0,0.28,0.38
132,2024,9218979.0,0.14,0.17
133,2020,7690693.0,0.12,1.36
133,2021,8318635.0,0.19,0.62
133,2022,12811774.0,0.28,2.47
133,2023,14563990.0,0.34,1.48
133,2024,6176894.0,0.28,0.43
134,2020,11878229.0,0.31,1.75
134,2021,7801739.0,0.23,2.25
134,2022,7894984.0,0.3,1.89
134,2023,11471909.0,0.29,0.28
134,2024,6916292.0,0.16,2.25
135,2020,11411808.0,0.22,2.01
135,2021,12190340.0,0.29,0.48
135,2022,8702403.0,0.06,0.22
135,2023,13981234.0,0.29,1.44
135,2024,6181526.0,0.1,0.47
136,2020,14036219.0,0.2,2.1
136,2021,4168038.0,0.29,0.96
136,2022,18099142.0,0.13,2.29
136,2023,8781393.0,0.12,1.46
136,2024,6513079.0,0.17,0.54
137,2020,9301984.0,0.32,0.44
137,2021,6860566.0,0.05,1.48
137,2022,11160896.0,0.32,1.93
137,2023,14102972.0,0.1,1.98
137,2024,7019631.0,0.35,0.76
138,2020,11738198.0,0.34,0.59
138,2021,5401794.0,0.2,0.14
138,2022,13098864.0,0.2,1.73
138,2023,11248709.0,0.19,0.28
138,2024,13228550.0,0.24,1.11
139,2020,9632959.0,0.08,1.54
139,2021,8694530.0,0.06,2.35
139,2022,12448352.0,0.07,0.85
139,2023,6075854.0,0.18,0.7
139,2024,4771527.0,0.13,1.67
140,2020,9985114.0,0.24,1.59
140,2021,8831210.0,0.35,0.9
140,2022,11661500.0,0.17,2.33
140,2023,13274654.0,0.22,2.13
140,2024,11599042.0,0.17,0.64
141,2020,13035710.0,0.3,0.67
141,2021,10963157.0,0.32,1.33
141,2022,11483787.0,0.31,1.96
141,2023,9650028.0,0.34,0.21
141,2024,11395136.0,0.06,1.76
142,2020,10499958.0,0.3,1.66
142,2021,10975530.0,0.28,0.66
142,2022,9499828.0,0.12,1.74
142,2023,12426788.0,0.34,2.36
142,2024,7868642.0,0.09,0.21
143,2020,9944953.0,0.25,0.87
143,2021,13935352.0,0.12,1.15
143,2022,7153835.0,0.18,2.26
143,2023,3514464.0,0.27,2.41
143,2024,11099371.0,0.22,1.17
144,2020,9229137.0,0.18,1.9
144,2021,13032587.0,0.15,1.38
144,2022,9608455.0,0.3,1.39
144,2023,8186983.0,0.09,0.77
144,2024,9772548.0,0.18,0.62
145,2020,13279206.0,0.32,0.79
145,2021,11726109.0,0.3,1.44
145,2022,2698293.0,0.17,0.17
145,2023,10557302.0,0.28,2.28
145,2024,10707286.0,0.3,0.48
146,2020,9945250.0,0.32,0.63
146,2021,8167330.0,0.21,1.34
146,2022,13583596.0,0.11,1.8
146,2023,13732102.0,0.13,0.33
146,2024,3390519.0,0.14,0.86
147,2020,7606122.0,0.23,2.42
147,2021,9565808.0,0.06,0.73
147,2022,12845525.0,0.24,0.85
147,2023,10104559.0,0.16,2.11
147,2024,7949219.0,0.14,0.22
148,2020,12128601.0,0.31,1.22
148,2021,9365992.0,0.19,1.01
148,2022,9647797.0,0.08,0.86
148,2023,9918525.0,0.3,0.79
148,2024,11722925.0,0.06,0.32
149,2020,9074351.0,0.27,0.86
149,2021,12060839.0,0.28,0.2
149,2022,9780793.0,0.16,1.97
149,2023,6798950.0,0.3,1.06
149,2024,9889671.0,0.2,1.17
150,2020,6954360.0,0.19,2.24
150,2021,10122960.0,0.06,1.68
150,2022,12488422.0,0.14,0.12
150,2023,6779113.0,0.33,2.36
150,2024,11092820.0,0.17,0.67
151,2020,7512888.0,0.21,0.36
151,2021,10605102.0,0.21,1.94
151,2022,12580613.0,0.23,1.3
151,2023,3611461.0,0.07,1.14
151,2024,6656573.0,0.16,0.7
152,2020,8893062.0,0.27,1.41
152,2021,10945121.0,0.11,0.76
152,2022,9500850.0,0.11,2.26
152,2023,9862358.0,0.05,0.62
152,2024,16128954.0,0.18,2.22
153,2020,6362628.0,0.31,1.44
153,2021,13406455.0,0.07,2.09
153,2022,8950066.0,0.11,1.81
153,2023,11648424.0,0.14,1.77
153,2024,16386840.0,0.27,0.88
154,2020,12066034.0,0.24,0.66
154,2021,11117487.0,0.17,0.61
154,2022,14797367.0,0.28,2.16
154,2023,13374396.0,0.23,2.07
154,2024,7601818.0,0.32,1.16
155,2020,10883574.0,0.3,0.42
155,2021,4847513.0,0.13,1.02
155,2022,8379540.0,0.13,1.59
155,2023,10942159.0,0.09,1.19
155,2024,8193684.0,0.15,1.97
156,2020,10820100.0,0.35,2.49
156,2021,9959846.0,0.17,0.56
156,2022,11609250.0,0.12,1.2
156,2023,8727403.0,0.28,1.13
156,2024,7179553.0,0.21,0.83
157,2020,14434380.0,0.09,0.58
157,2021,8512910.0,0.16,0.26
157,2022,11980032.0,0.17,2.23
157,2023,14305741.0,0.28,1.11
157,2024,10488010.0,0.06,1.29
158,2020,7431080.0,0.13,2.3
158,2021,9464170.0,0.21,1.96
158,2022,13052623.0,0.13,0.41
158,2023,10618743.0,0.24,1.46
158,2024,6384575.0,0.19,1.16
159,2020,11789932.0,0.16,2.01
159,2021,12308594.0,0.33,1.84
159,2022,8934064.0,0.24,1.76
159,2023,11830733.0,0.09,0.92
159,2024,10735056.0,0.22,2.03
160,2020,9407711.0,0.28,0.23
160,2021,6119393.0,0.26,0.48
160,2022,13233862.0,0.1,0.91
160,2023,12277633.0,0.34,0.28
160,2024,11751659.0,0.18,0.66
161,2020,14633578.0,0.1,2.09
161,2021,12835581.0,0.1,2.38
161,2022,12059698.0,0.08,0.83
161,2023,3360318.0,0.29,0.73
161,2024,13590685.0,0.09,0.77
162,2020,10249242.0,0.09,0.77
162,2021,10937475.0,0.31,0.19
162,2022,10958000.0,0.15,2.32
162,2023,12321498.0,0.06,0.61
162,2024,13366525.0,0.07,1.11
163,2020,11902723.0,0.09,0.12
163,2021,11425857.0,0.11,2.16
163,2022,10694538.0,0.25,1.85
163,2023,-54832.0,0.1,2.37
163,2024,9137227.0,0.09,1.98
164,2020,7175231.0,0.28,0.85
164,2021,13632219.0,0.25,0.69
164,2022,11857112.0,0.18,1.77
164,2023,8625589.0,0.21,0.97
164,2024,8926848.0,0.14,1.46
165,2020,8818056.0,0.19,0.12
165,2021,8764522.0,0.2,0.25
165,2022,5666328.0,0.17,1.38
165,2023,5016162.0,0.32,1.46
165,2024,10087140.0,0.05,1.9
166,2020,13225942.0,0.28,0.42
166,2021,8386931.0,0.09,1.33
166,2022,10910334.0,0.29,0.57
166,2023,12202783.0,0.23,0.32
166,2024,7019865.0,0.3,1.09
167,2020,9940074.0,0.08,0.49
167,2021,8000439.0,0.22,0.63
167,2022,14818358.0,0.2,0.86
167,2023,14687379.0,0.26,0.72
167,2024,7022971.0,0.21,0.31
168,2020,11157653.0,0.21,0.32
168,2021,13202798.0,0.18,0.56
168,2022,12544989.0,0.14,0.22
168,2023,10244689.0,0.19,1.6
168,2024,13919672.0,0.09,0.79
169,2020,7286456.0,0.34,0.77
169,2021,9090721.0,0.26,0.9
169,2022,7367073.0,0.34,1.69
169,2023,12347480.0,0.12,2.19
169,2024,8252089.0,0.31,1.92
170,2020,9486252.0,0.29,1.85
170,2021,11853011.0,0.25,1.26
170,2022,12094750.0,0.24,1.77
170,2023,7278621.0,0.14,1.43
170,2024,13169966.0,0.29,0.62
171,2020,11367069.0,0.2,0.6
171,2021,6754891.0,0.07,0.81
171,2022,6016852.0,0.14,2.29
171,2023,9952541.0,0.33,1.41
171,2024,12550282.0,0.31,1.86
172,2020,12627148.0,0.34,0.93
172,2021,11068501.0,0.24,1.08
172,2022,10146025.0,0.12,0.4
172,2023,11535213.0,0.1,0.51
172,2024,7434008.0,0.11,2.09
173,2020,15060964.0,0.06,1.5
173,2021,15021815.0,0.17,0.91
173,2022,11286437.0,0.11,2.03
173,2023,10591901.0,0.17,0.69
173,2024,8765737.0,0.33,2.44
174,2020,11586247.0,0.18,0.93
174,2021,7926048.0,0.31,0.91
174,2022,3329164.0,0.23,0.85
174,2023,1857678.0,0.12,0.39
174,2024,7601505.0,0.16,0.37
175,2020,10469134.0,0.08,1.66
175,2021,10995915.0,0.15,2.2
175,2022,8539729.0,0.25,2.0
175,2023,10425506.0,0.07,0.44
175,2024,9177315.0,0.11,1.41
176,2020,7002062.0,0.16,0.35
176,2021,9838766.0,0.34,0.21
176,2022,12438871.0,0.29,1.68
176,2023,7137815.0,0.27,1.38
176,2024,7139186.0,0.08,0.3
177,2020,6792248.0,0.28,0.18
177,2021,4190444.0,0.29,2.48
177,2022,8559393.0,0.23,0.17
177,2023,12142258.0,0.35,1.17
177,2024,10521748.0,0.15,1.31
178,2020,9492247.0,0.33,0.38
178,2021,10387194.0,0.32,0.51
178,2022,8533056.0,0.05,0.94
178,2023,4156340.0,0.19,1.93
178,2024,12351156.0,0.34,1.32
179,2020,13213374.0,0.08,1.63
179,2021,7815530.0,0.21,2.46
179,2022,9547493.0,0.34,1.94
179,2023,9289002.0,0.22,1.14
179,2024,11053866.0,0.11,1.17
180,2020,15069680.0,0.22,1.59
180,2021,13479374.0,0.11,1.7
180,2022,8869257.0,0.21,1.3
180,2023,11627392.0,0.07,1.65
180,2024,13763071.0,0.23,0.16
181,2020,11225035.0,0.21,1.13
181,2021,9985902.0,0.27,0.77
181,2022,11338000.0,0.24,0.41
181,2023,7890185.0,0.21,0.34
181,2024,8328157.0,0.26,1.55
182,2020,6807897.0,0.09,1.36
182,2021,10921194.0,0.23,0.71
182,2022,9605791.0,0.1,1.23
182,2023,7530646.0,0.33,1.28
182,2024,9507462.0,0.07,0.57
183,2020,11409995.0,0.18,1.67
183,2021,15744137.0,0.26,1.97
183,2022,13036204.0,0.19,2.0
183,2023,3147556.0,0.08,1.55
183,2024,10717925.0,0.22,1.33
184,2020,14287973.0,0.24,0.25
184,2021,5986380.0,0.26,0.79
184,2022,11654678.0,0.16,0.32
184,2023,9290073.0,0.22,2.41
184,2024,13450872.0,0.19,0.42
185,2020,11212772.0,0.25,0.46
185,2021,7347954.0,0.23,2.23
185,2022,9397446.0,0.21,2.37
185,2023,9574913.0,0.12,1.94
185,2024,9630465.0,0.05,0.11
186,2020,13357789.0,0.1,0.1
186,2021,7472140.0,0.09,1.01
186,2022,13009154.0,0.18,0.44
186,2023,9093251.0,0.23,0.14
186,2024,10670533.0,0.11,1.21
187,2020,10217133.0,0.33,2.36
187,2021,9934584.0,0.05,0.88
187,2022,9959191.0,0.28,1.69
187,2023,14372076.0,0.24,1.67
187,2024,12527350.0,0.16,0.7
188,2020,8911853.0,0.07,1.66
188,2021,14748362.0,0.24,0.61
188,2022,10824043.0,0.17,0.39
188,2023,11072873.0,0.33,1.78
188,2024,7488043.0,0.21,0.37
189,2020,8507504.0,0.33,2.49
189,2021,7934489.0,0.12,0.54
189,2022,10258219.0,0.27,1.53
189,2023,11916349.0,0.24,1.09
189,2024,11101697.0,0.27,0.4
190,2020,14764132.0,0.11,0.17
190,2021,7336726.0,0.25,1.59
190,2022,10344607.0,0.2,2.04
190,2023,6151182.0,0.27,2.12
190,2024,7234387.0,0.15,1.26
191,2020,13793735.0,0.32,1.97
191,2021,8610505.0,0.08,1.71
191,2022,7589909.0,0.29,1.84
191,2023,3610069.0,0.31,1.28
191,2024,7559936.0,0.3,1.62
192,2020,9384159.0,0.2,2.03
192,2021,5927791.0,0.18,1.05
192,2022,9211650.0,0.35,2.03
192,2023,13811893.0,0.12,1.52
192,2024,7878084.0,0.21,0.5
193,2020,7169851.0,0.25,0.16
193,2021,6628296.0,0.26,0.97
193,2022,6574708.0,0.11,1.41
193,2023,11606732.0,0.25,2.12
193,2024,10146006.0,0.3,0.41
194,2020,12870571.0,0.07,2.02
194,2021,16059514.0,0.32,2.17
194,2022,4508827.0,0.06,0.46
194,2023,11140236.0,0.16,2.14
194,2024,6644142.0,0.05,2.48
195,2020,12366698.0,0.07,1.84
195,2021,9184264.0,0.32,1.98
195,2022,10081968.0,0.16,2.49
195,2023,6150468.0,0.18,1.55
195,2024,8720719.0,0.11,0.84
196,2020,10268987.0,0.23,2.11
196,2021,14068234.0,0.23,1.57
196,2022,7616318.0,0.16,1.49
196,2023,8347925.0,0.15,0.71
196,2024,12832869.0,0.32,1.92
197,2020,7421979.0,0.16,0.3
197,2021,13427155.0,0.2,2.32
197,2022,9972740.0,0.13,0.88
197,2023,10909369.0,0.29,0.41
197,2024,11102567.0,0.17,1.16
198,2020,8151338.0,0.2,0.2
198,2021,11169660.0,0.13,1.74
198,2022,7682891.0,0.35,2.27
198,2023,8493691.0,0.14,2.11
198,2024,11676073.0,0.28,0.41
199,2020,10880182.0,0.18,0.4
199,2021,9775105.0,0.11,2.05
199,2022,6223805.0,0.29,2.32
199,2023,6972525.0,0.15,1.21
199,2024,10830127.0,0.31,1.3
200,2020,12196422.0,0.32,0.86
200,2021,6671063.0,0.31,2.25
200,2022,7480524.0,0.06,1.65
200,2023,10402556.0,0.29,0.79
200,2024,10338364.0,0.17,0.82
