business_id,account_id,date,amount,transaction_type,merchant_category,balance_after_transaction,risk_label
1006,A1006_1,2023-01-01 00:00:00.000000000,-51.92,debit,services,-597.71,0
1019,A1019_0,2023-01-01 10:56:01.201501877,-300.63,debit,misc,-560.51,0
1028,A1028_1,2023-01-01 21:52:02.403003754,-49.15,debit,misc,-952.4,0
1014,A1014_1,2023-01-02 08:48:03.604505632,-54.54,debit,services,-104.87,0
1010,A1010_1,2023-01-02 19:44:04.806007509,-539.38,debit,utilities,-519.93,0
1007,A1007_0,2023-01-03 06:40:06.007509386,-10.86,debit,misc,-772.61,0
1028,A1028_0,2023-01-03 17:36:07.209011264,-46.19,debit,retail,-1348.71,0
1020,A1020_1,2023-01-04 04:32:08.410513141,139.24,credit,transport,-468.82,0
1006,A1006_0,2023-01-04 15:28:09.612015018,369.79,credit,transport,-619.62,0
1025,A1025_1,2023-01-05 02:24:10.813516896,225.31,credit,salary,-682.67,0
1018,A1018_0,2023-01-05 13:20:12.015018773,-53.78,debit,salary,-661.43,0
1022,A1022_1,2023-01-06 00:16:13.216520650,-221.31,debit,transport,-722.47,0
1010,A1010_1,2023-01-06 11:12:14.418022528,514.67,credit,transport,-63.88,0
1010,A1010_0,2023-01-06 22:08:15.619524405,11.84,credit,retail,-115.31,0
1023,A1023_1,2023-01-07 09:04:16.821026282,2.79,credit,services,-487.92,1
1020,A1020_0,2023-01-07 20:00:18.022528160,-4.83,debit,salary,295.04,0
1003,A1003_1,2023-01-08 06:56:19.224030037,39.62,credit,services,-74.51,0
1007,A1007_1,2023-01-08 17:52:20.425531914,-28.87,debit,retail,-272.33,0
1023,A1023_0,2023-01-09 04:48:21.627033792,-114.73,debit,transport,160.16,1
1002,A1002_0,2023-01-09 15:44:22.828535669,-109.37,debit,misc,-637.32,1
1021,A1021_0,2023-01-10 02:40:24.030037546,-6.55,debit,services,-777.52,1
1020,A1020_1,2023-01-10 13:36:25.231539424,-108.68,debit,transport,-15.78,0
1001,A1001_0,2023-01-11 00:32:26.433041301,-142.57,debit,transport,27.32,0
1023,A1023_1,2023-01-11 11:28:27.634543178,21.29,credit,utilities,-657.44,1
1011,A1011_1,2023-01-11 22:24:28.836045056,-51.0,debit,services,-583.6,1
1029,A1029_0,2023-01-12 09:20:30.037546933,300.8,credit,misc,-613.01,0
1005,A1005_0,2023-01-12 20:16:31.239048811,-530.19,debit,services,-797.55,0
1001,A1001_1,2023-01-13 07:12:32.440550688,218.3,credit,transport,-723.61,0
1027,A1027_1,2023-01-13 18:08:33.642052565,249.22,credit,misc,-362.32,1
1020,A1020_0,2023-01-14 05:04:34.843554443,-414.68,debit,retail,-623.58,0
1000,A1000_0,2023-01-14 16:00:36.045056320,-68.54,debit,utilities,-1144.34,0
1011,A1011_0,2023-01-15 02:56:37.246558197,-74.29,debit,transport,-997.73,1
1025,A1025_0,2023-01-15 13:52:38.448060075,-281.5,debit,salary,-1711.82,0
1021,A1021_0,2023-01-16 00:48:39.649561952,-155.56,debit,salary,-1432.75,1
1028,A1028_1,2023-01-16 11:44:40.851063829,-222.12,debit,utilities,-1576.4,0
1011,A1011_1,2023-01-16 22:40:42.052565707,350.45,credit,retail,-1129.23,1
1024,A1024_1,2023-01-17 09:36:43.254067584,187.14,credit,transport,-938.91,1
1016,A1016_1,2023-01-17 20:32:44.455569461,254.31,credit,services,-485.29,1
1026,A1026_0,2023-01-18 07:28:45.657071339,144.33,credit,utilities,-1074.04,1
1026,A1026_0,2023-01-18 18:24:46.858573216,-225.81,debit,retail,-1283.83,1
1009,A1009_0,2023-01-19 05:20:48.060075093,-104.9,debit,services,-784.16,0
1027,A1027_1,2023-01-19 16:16:49.261576971,97.87,credit,salary,-1456.67,1
1027,A1027_1,2023-01-20 03:12:50.463078848,-244.43,debit,salary,-1034.42,1
1015,A1015_0,2023-01-20 14:08:51.664580725,142.6,credit,services,-1300.9,0
1014,A1014_0,2023-01-21 01:04:52.866082603,-48.07,debit,utilities,-523.04,0
1029,A1029_1,2023-01-21 12:00:54.067584480,-74.96,debit,salary,-994.7,0
1029,A1029_1,2023-01-21 22:56:55.269086357,142.19,credit,transport,-993.4,0
1014,A1014_0,2023-01-22 09:52:56.470588235,88.85,credit,misc,-470.48,0
1029,A1029_0,2023-01-22 20:48:57.672090112,-72.19,debit,services,-1230.01,0
1018,A1018_1,2023-01-23 07:44:58.873591989,231.87,credit,services,-941.14,0
1011,A1011_0,2023-01-23 18:41:00.075093867,-216.21,debit,salary,-1273.77,1
1022,A1022_0,2023-01-24 05:37:01.276595744,123.19,credit,utilities,-1031.65,0
1019,A1019_0,2023-01-24 16:33:02.478097622,118.62,credit,transport,-635.19,0
1024,A1024_1,2023-01-25 03:29:03.679599499,-61.91,debit,utilities,-567.24,1
1002,A1002_1,2023-01-25 14:25:04.881101376,65.23,credit,retail,-361.77,1
1004,A1004_1,2023-01-26 01:21:06.082603254,-250.22,debit,retail,-1447.84,1
1018,A1018_1,2023-01-26 12:17:07.284105131,184.81,credit,misc,-767.17,0
1006,A1006_1,2023-01-26 23:13:08.485607008,-36.98,debit,salary,-1085.04,0
1020,A1020_1,2023-01-27 10:09:09.687108886,-104.54,debit,salary,-918.72,0
1008,A1008_1,2023-01-27 21:05:10.888610763,209.8,credit,salary,52.92,0
1006,A1006_0,2023-01-28 08:01:12.090112640,-140.87,debit,misc,-700.64,0
1017,A1017_0,2023-01-28 18:57:13.291614518,-281.69,debit,retail,-800.05,0
1003,A1003_0,2023-01-29 05:53:14.493116395,-311.33,debit,utilities,-793.01,0
1024,A1024_0,2023-01-29 16:49:15.694618272,121.2,credit,misc,-921.81,1
1027,A1027_0,2023-01-30 03:45:16.896120150,-256.09,debit,misc,-1650.48,1
1013,A1013_0,2023-01-30 14:41:18.097622027,350.96,credit,utilities,-1547.9,0
1017,A1017_0,2023-01-31 01:37:19.299123904,-416.39,debit,salary,-1590.58,0
1025,A1025_1,2023-01-31 12:33:20.500625782,339.29,credit,transport,-1412.56,0
1008,A1008_1,2023-01-31 23:29:21.702127659,42.2,credit,utilities,-1657.41,0
1025,A1025_0,2023-02-01 10:25:22.903629536,-19.34,debit,retail,-1147.11,0
1020,A1020_0,2023-02-01 21:21:24.105131414,-108.98,debit,services,-1248.6,0
1001,A1001_1,2023-02-02 08:17:25.306633291,79.83,credit,services,-717.8,0
1019,A1019_0,2023-02-02 19:13:26.508135169,-7.53,debit,misc,-1364.6,0
1027,A1027_0,2023-02-03 06:09:27.709637046,220.66,credit,services,-951.37,1
1014,A1014_1,2023-02-03 17:05:28.911138923,22.85,credit,transport,-1212.21,0
1027,A1027_0,2023-02-04 04:01:30.112640801,30.06,credit,salary,-720.55,1
1006,A1006_1,2023-02-04 14:57:31.314142678,-72.72,debit,retail,-1092.61,0
1011,A1011_0,2023-02-05 01:53:32.515644555,-11.39,debit,transport,-1418.39,1
1028,A1028_1,2023-02-05 12:49:33.717146433,61.56,credit,retail,-1009.09,0
1007,A1007_1,2023-02-05 23:45:34.918648310,-342.03,debit,retail,-1229.92,0
1014,A1014_1,2023-02-06 10:41:36.120150187,-269.64,debit,salary,-1540.14,0
1002,A1002_0,2023-02-06 21:37:37.321652065,148.65,credit,misc,-1154.3,1
1013,A1013_1,2023-02-07 08:33:38.523153942,34.17,credit,services,-1868.32,0
1016,A1016_0,2023-02-07 19:29:39.724655819,-36.8,debit,salary,-1723.52,1
1003,A1003_0,2023-02-08 06:25:40.926157697,3.69,credit,transport,-1275.07,0
1017,A1017_0,2023-02-08 17:21:42.127659574,69.52,credit,misc,-1615.07,0
1007,A1007_0,2023-02-09 04:17:43.329161451,-107.95,debit,transport,-1433.3,0
1003,A1003_1,2023-02-09 15:13:44.530663329,-155.66,debit,misc,-2387.02,0
1001,A1001_1,2023-02-10 02:09:45.732165206,39.17,credit,transport,-807.15,0
1029,A1029_0,2023-02-10 13:05:46.933667083,-195.67,debit,salary,-1898.52,0
1005,A1005_0,2023-02-11 00:01:48.135168961,81.65,credit,misc,-1377.76,0
1021,A1021_1,2023-02-11 10:57:49.336670838,-340.52,debit,misc,-2177.54,1
1009,A1009_0,2023-02-11 21:53:50.538172715,205.83,credit,retail,-1746.23,0
1003,A1003_1,2023-02-12 08:49:51.739674593,94.52,credit,retail,-1328.54,0
1021,A1021_0,2023-02-12 19:45:52.941176470,51.21,credit,utilities,-1375.17,1
1028,A1028_0,2023-02-13 06:41:54.142678347,196.54,credit,transport,-1589.71,0
1017,A1017_1,2023-02-13 17:37:55.344180225,333.09,credit,retail,-1235.86,0
1025,A1025_0,2023-02-14 04:33:56.545682102,202.87,credit,utilities,-691.34,0
1011,A1011_1,2023-02-14 15:29:57.747183979,-368.17,debit,retail,-660.61,1
1001,A1001_0,2023-02-15 02:25:58.948685857,-255.92,debit,transport,-1558.82,0
1009,A1009_0,2023-02-15 13:22:00.150187734,-124.96,debit,misc,-1154.34,0
1029,A1029_0,2023-02-16 00:18:01.351689611,5.22,credit,services,-1808.66,0
1003,A1003_1,2023-02-16 11:14:02.553191489,103.53,credit,transport,-1347.12,0
1013,A1013_0,2023-02-16 22:10:03.754693366,-145.15,debit,salary,-1447.51,0
1015,A1015_0,2023-02-17 09:06:04.956195244,37.35,credit,retail,-1863.5,0
1014,A1014_0,2023-02-17 20:02:06.157697121,-151.08,debit,retail,-2115.71,0
1007,A1007_0,2023-02-18 06:58:07.359198998,-122.3,debit,misc,-1670.27,0
1013,A1013_1,2023-02-18 17:54:08.560700876,-281.33,debit,salary,-2454.69,0
1022,A1022_1,2023-02-19 04:50:09.762202753,-184.65,debit,misc,-2748.17,0
1027,A1027_0,2023-02-19 15:46:10.963704630,-270.34,debit,salary,-2955.4,1
1024,A1024_1,2023-02-20 02:42:12.165206508,-195.17,debit,services,-3106.06,1
1029,A1029_0,2023-02-20 13:38:13.366708385,210.73,credit,retail,-2477.66,0
1007,A1007_0,2023-02-21 00:34:14.568210262,-189.88,debit,retail,-2770.02,0
1020,A1020_0,2023-02-21 11:30:15.769712140,526.48,credit,services,-2183.35,0
1015,A1015_1,2023-02-21 22:26:16.971214017,98.66,credit,utilities,-2172.98,0
1012,A1012_1,2023-02-22 09:22:18.172715895,36.97,credit,misc,-2440.57,0
1017,A1017_1,2023-02-22 20:18:19.374217772,-171.67,debit,services,-2224.96,0
1014,A1014_1,2023-02-23 07:14:20.575719649,140.06,credit,misc,-1939.29,0
1020,A1020_1,2023-02-23 18:10:21.777221527,-115.13,debit,transport,-2233.81,0
1023,A1023_1,2023-02-24 05:06:22.978723404,24.4,credit,retail,-2249.86,1
1025,A1025_1,2023-02-24 16:02:24.180225281,512.02,credit,misc,-2102.86,0
1024,A1024_1,2023-02-25 02:58:25.381727159,-19.21,debit,salary,-1828.4,1
1027,A1027_1,2023-02-25 13:54:26.583229036,229.85,credit,misc,-1908.17,1
1027,A1027_0,2023-02-26 00:50:27.784730913,-140.64,debit,transport,-1809.95,1
1027,A1027_1,2023-02-26 11:46:28.986232791,-7.0,debit,retail,-2301.82,1
1012,A1012_1,2023-02-26 22:42:30.187734668,354.16,credit,services,-1945.35,0
1008,A1008_1,2023-02-27 09:38:31.389236545,-125.39,debit,transport,-1638.28,0
1028,A1028_1,2023-02-27 20:34:32.590738423,362.49,credit,retail,-1383.01,0
1014,A1014_1,2023-02-28 07:30:33.792240300,141.55,credit,misc,-1044.89,0
1012,A1012_1,2023-02-28 18:26:34.993742177,-112.49,debit,utilities,-1229.85,0
1000,A1000_1,2023-03-01 05:22:36.195244055,126.48,credit,utilities,-1053.88,0
1024,A1024_1,2023-03-01 16:18:37.396745932,194.51,credit,salary,-685.85,1
1006,A1006_1,2023-03-02 03:14:38.598247809,124.36,credit,retail,-883.05,0
1008,A1008_1,2023-03-02 14:10:39.799749687,-314.04,debit,utilities,-1123.94,0
1023,A1023_1,2023-03-03 01:06:41.001251564,-145.43,debit,services,-767.03,1
1000,A1000_0,2023-03-03 12:02:42.202753441,-49.5,debit,retail,-1252.11,0
1011,A1011_0,2023-03-03 22:58:43.404255319,-14.89,debit,services,-1321.69,1
1007,A1007_1,2023-03-04 09:54:44.605757196,124.13,credit,services,-1119.05,0
1023,A1023_1,2023-03-04 20:50:45.807259073,35.54,credit,utilities,-1156.67,1
1010,A1010_0,2023-03-05 07:46:47.008760951,-267.07,debit,retail,-1588.2,0
1018,A1018_1,2023-03-05 18:42:48.210262828,76.04,credit,misc,-1598.7,0
1016,A1016_0,2023-03-06 05:38:49.411764705,122.12,credit,transport,-1406.2,1
1007,A1007_0,2023-03-06 16:34:50.613266583,111.96,credit,utilities,-803.33,0
1002,A1002_0,2023-03-07 03:30:51.814768460,216.16,credit,utilities,-1038.02,1
1002,A1002_0,2023-03-07 14:26:53.016270338,166.78,credit,misc,-728.75,1
1000,A1000_0,2023-03-08 01:22:54.217772215,91.84,credit,retail,-380.21,0
1026,A1026_1,2023-03-08 12:18:55.419274092,-14.03,debit,retail,-687.98,1
1004,A1004_0,2023-03-08 23:14:56.620775970,-332.19,debit,services,-746.64,1
1009,A1009_1,2023-03-09 10:10:57.822277847,85.92,credit,misc,-1312.97,0
1006,A1006_1,2023-03-09 21:06:59.023779724,41.54,credit,misc,-848.95,0
1025,A1025_0,2023-03-10 08:03:00.225281602,54.32,credit,retail,-731.2,0
1008,A1008_0,2023-03-10 18:59:01.426783479,-255.35,debit,services,-1003.28,0
1027,A1027_1,2023-03-11 05:55:02.628285356,-216.21,debit,utilities,-1722.31,1
1006,A1006_0,2023-03-11 16:51:03.829787234,210.63,credit,salary,-654.87,0
1008,A1008_0,2023-03-12 03:47:05.031289111,-7.91,debit,transport,-1280.11,0
1007,A1007_1,2023-03-12 14:43:06.232790988,136.3,credit,utilities,-786.9,0
1011,A1011_1,2023-03-13 01:39:07.434292866,5.66,credit,retail,-879.36,1
1001,A1001_0,2023-03-13 12:35:08.635794743,5.95,credit,transport,-574.69,0
1000,A1000_1,2023-03-13 23:31:09.837296620,187.66,credit,salary,-31.89,0
1015,A1015_0,2023-03-14 10:27:11.038798498,-103.21,debit,salary,-1178.46,0
1022,A1022_0,2023-03-14 21:23:12.240300375,19.22,credit,services,-966.8,0
1022,A1022_0,2023-03-15 08:19:13.441802252,-92.46,debit,transport,-807.86,0
1029,A1029_1,2023-03-15 19:15:14.643304130,-86.9,debit,services,-1283.1,0
1023,A1023_1,2023-03-16 06:11:15.844806007,-61.83,debit,utilities,-778.67,1
1004,A1004_1,2023-03-16 17:07:17.046307884,44.43,credit,misc,-715.88,1
1002,A1002_1,2023-03-17 04:03:18.247809762,-95.75,debit,misc,-896.81,1
1011,A1011_1,2023-03-17 14:59:19.449311639,251.15,credit,misc,-742.52,1
1007,A1007_0,2023-03-18 01:55:20.650813516,-178.92,debit,transport,-581.5,0
1021,A1021_0,2023-03-18 12:51:21.852315394,-37.37,debit,misc,-1376.47,1
1026,A1026_0,2023-03-18 23:47:23.053817271,-87.95,debit,utilities,-1098.15,1
1002,A1002_0,2023-03-19 10:43:24.255319148,289.4,credit,services,-1049.97,1
1000,A1000_1,2023-03-19 21:39:25.456821026,39.31,credit,transport,-522.05,0
1002,A1002_0,2023-03-20 08:35:26.658322903,206.37,credit,services,-1132.65,1
1004,A1004_1,2023-03-20 19:31:27.859824780,-297.11,debit,transport,-888.19,1
1014,A1014_0,2023-03-21 06:27:29.061326658,53.41,credit,services,-725.78,0
1013,A1013_1,2023-03-21 17:23:30.262828535,177.93,credit,salary,-932.67,0
1002,A1002_1,2023-03-22 04:19:31.464330412,16.46,credit,services,-819.82,1
1000,A1000_0,2023-03-22 15:15:32.665832290,213.1,credit,misc,-414.25,0
1004,A1004_0,2023-03-23 02:11:33.867334167,-103.46,debit,salary,-235.79,1
1025,A1025_0,2023-03-23 13:07:35.068836045,281.87,credit,services,-550.31,0
1022,A1022_0,2023-03-24 00:03:36.270337922,459.78,credit,transport,-38.2,0
1013,A1013_1,2023-03-24 10:59:37.471839799,-72.57,debit,transport,484.44,0
1006,A1006_0,2023-03-24 21:55:38.673341677,-89.1,debit,transport,-24.23,0
1026,A1026_0,2023-03-25 08:51:39.874843554,290.68,credit,retail,115.08,1
1008,A1008_1,2023-03-25 19:47:41.076345431,315.91,credit,utilities,882.86,0
1014,A1014_0,2023-03-26 06:43:42.277847309,-104.57,debit,transport,413.22,0
1014,A1014_0,2023-03-26 17:39:43.479349186,-84.04,debit,salary,783.87,0
1025,A1025_0,2023-03-27 04:35:44.680851063,-56.36,debit,transport,220.16,0
1009,A1009_0,2023-03-27 15:31:45.882352941,-268.89,debit,retail,102.51,0
1027,A1027_0,2023-03-28 02:27:47.083854818,-183.73,debit,misc,250.15,1
1012,A1012_1,2023-03-28 13:23:48.285356695,-200.83,debit,salary,-302.05,0
1018,A1018_0,2023-03-29 00:19:49.486858573,-153.56,debit,retail,-160.91,0
1006,A1006_0,2023-03-29 11:15:50.688360450,-6.94,debit,misc,-414.33,0
1016,A1016_0,2023-03-29 22:11:51.889862327,46.84,credit,salary,246.68,1
1019,A1019_0,2023-03-30 09:07:53.091364205,310.1,credit,services,432.9,0
1028,A1028_0,2023-03-30 20:03:54.292866082,-199.67,debit,utilities,-635.83,0
1003,A1003_1,2023-03-31 06:59:55.494367959,196.86,credit,utilities,116.13,0
1029,A1029_0,2023-03-31 17:55:56.695869837,-42.8,debit,retail,-328.26,0
1004,A1004_1,2023-04-01 04:51:57.897371714,-9.89,debit,misc,-35.78,1
1022,A1022_1,2023-04-01 15:47:59.098873591,134.96,credit,utilities,62.24,0
1006,A1006_0,2023-04-02 02:44:00.300375469,-224.54,debit,misc,-499.43,0
1012,A1012_0,2023-04-02 13:40:01.501877346,76.48,credit,misc,211.22,0
1014,A1014_0,2023-04-03 00:36:02.703379223,33.29,credit,retail,-12.05,0
1010,A1010_0,2023-04-03 11:32:03.904881101,98.49,credit,retail,-59.95,0
1028,A1028_1,2023-04-03 22:28:05.106382978,57.83,credit,retail,-48.15,0
1003,A1003_0,2023-04-04 09:24:06.307884855,491.06,credit,utilities,616.27,0
1012,A1012_0,2023-04-04 20:20:07.509386733,-127.55,debit,retail,569.17,0
1006,A1006_0,2023-04-05 07:16:08.710888610,-106.2,debit,utilities,303.1,0
1026,A1026_0,2023-04-05 18:12:09.912390488,-124.63,debit,retail,-633.8,1
1018,A1018_0,2023-04-06 05:08:11.113892365,-111.1,debit,transport,109.93,0
1021,A1021_0,2023-04-06 16:04:12.315394242,-127.48,debit,misc,-455.06,1
1027,A1027_1,2023-04-07 03:00:13.516896120,237.8,credit,retail,152.34,1
1001,A1001_1,2023-04-07 13:56:14.718397997,284.1,credit,salary,77.91,0
1009,A1009_0,2023-04-08 00:52:15.919899874,-114.15,debit,misc,-39.82,0
1012,A1012_0,2023-04-08 11:48:17.121401752,-166.47,debit,misc,589.2,0
1029,A1029_0,2023-04-08 22:44:18.322903629,94.28,credit,retail,216.91,0
1024,A1024_1,2023-04-09 09:40:19.524405506,-110.44,debit,services,83.5,1
1020,A1020_0,2023-04-09 20:36:20.725907384,126.59,credit,retail,473.85,0
1005,A1005_1,2023-04-10 07:32:21.927409261,40.58,credit,misc,258.49,0
1027,A1027_0,2023-04-10 18:28:23.128911138,-303.15,debit,salary,697.66,1
1027,A1027_0,2023-04-11 05:24:24.330413016,309.5,credit,misc,294.11,1
1011,A1011_0,2023-04-11 16:20:25.531914893,359.18,credit,salary,844.74,1
1011,A1011_0,2023-04-12 03:16:26.733416770,-122.56,debit,utilities,903.92,1
1019,A1019_1,2023-04-12 14:12:27.934918648,-77.54,debit,transport,1015.78,0
1029,A1029_1,2023-04-13 01:08:29.136420525,57.17,credit,misc,369.67,0
1029,A1029_0,2023-04-13 12:04:30.337922402,66.89,credit,retail,533.77,0
1010,A1010_0,2023-04-13 23:00:31.539424280,131.71,credit,utilities,1173.25,0
1025,A1025_1,2023-04-14 09:56:32.740926157,402.04,credit,transport,1435.93,0
1022,A1022_1,2023-04-14 20:52:33.942428034,-35.39,debit,retail,1480.07,0
1027,A1027_1,2023-04-15 07:48:35.143929912,-159.66,debit,services,587.25,1
1024,A1024_1,2023-04-15 18:44:36.345431790,-275.86,debit,retail,1186.4,1
1006,A1006_0,2023-04-16 05:40:37.546933666,-146.19,debit,salary,347.39,0
1029,A1029_1,2023-04-16 16:36:38.748435544,-6.63,debit,salary,626.87,0
1000,A1000_0,2023-04-17 03:32:39.949937422,358.91,credit,services,883.62,0
1000,A1000_1,2023-04-17 14:28:41.151439298,-103.52,debit,utilities,561.03,0
1024,A1024_1,2023-04-18 01:24:42.352941176,44.76,credit,transport,445.57,1
1026,A1026_1,2023-04-18 12:20:43.554443054,-3.28,debit,retail,342.9,1
1029,A1029_1,2023-04-18 23:16:44.755944930,237.68,credit,salary,1139.44,0
1024,A1024_1,2023-04-19 10:12:45.957446808,505.39,credit,utilities,1151.52,1
1019,A1019_0,2023-04-19 21:08:47.158948686,-106.17,debit,services,1162.81,0
1012,A1012_0,2023-04-20 08:04:48.360450562,-97.89,debit,misc,1339.65,0
1008,A1008_1,2023-04-20 19:00:49.561952440,208.83,credit,salary,822.25,0
1002,A1002_1,2023-04-21 05:56:50.763454318,136.38,credit,services,1983.96,1
1006,A1006_0,2023-04-21 16:52:51.964956194,369.34,credit,retail,1396.64,0
1005,A1005_1,2023-04-22 03:48:53.166458072,116.79,credit,transport,2213.19,0
1007,A1007_1,2023-04-22 14:44:54.367959950,-71.86,debit,salary,2169.05,0
1026,A1026_0,2023-04-23 01:40:55.569461826,118.13,credit,salary,2444.09,1
1008,A1008_1,2023-04-23 12:36:56.770963704,221.74,credit,retail,2491.91,0
1029,A1029_1,2023-04-23 23:32:57.972465582,164.1,credit,misc,3273.88,0
1004,A1004_0,2023-04-24 10:28:59.173967458,101.45,credit,utilities,2834.86,1
1000,A1000_0,2023-04-24 21:25:00.375469336,213.33,credit,transport,3299.37,0
1018,A1018_0,2023-04-25 08:21:01.576971214,233.86,credit,salary,3000.11,0
1009,A1009_1,2023-04-25 19:17:02.778473090,276.43,credit,transport,3529.81,0
1011,A1011_0,2023-04-26 06:13:03.979974968,129.74,credit,salary,4087.59,1
1023,A1023_0,2023-04-26 17:09:05.181476846,-33.42,debit,transport,3518.59,1
1014,A1014_0,2023-04-27 04:05:06.382978722,29.34,credit,services,3676.91,0
1026,A1026_0,2023-04-27 15:01:07.584480600,241.3,credit,salary,4154.8,1
1021,A1021_0,2023-04-28 01:57:08.785982478,-163.39,debit,transport,3474.48,1
1023,A1023_0,2023-04-28 12:53:09.987484354,73.73,credit,utilities,3122.41,1
1008,A1008_1,2023-04-28 23:49:11.188986232,-78.67,debit,services,3768.88,0
1019,A1019_1,2023-04-29 10:45:12.390488110,5.75,credit,services,3994.56,0
1016,A1016_0,2023-04-29 21:41:13.591989986,255.69,credit,utilities,3548.22,1
1029,A1029_0,2023-04-30 08:37:14.793491864,38.22,credit,transport,4192.94,0
1016,A1016_0,2023-04-30 19:33:15.994993742,9.29,credit,retail,4204.25,1
1025,A1025_1,2023-05-01 06:29:17.196495618,-271.97,debit,utilities,3047.14,0
1019,A1019_1,2023-05-01 17:25:18.397997496,149.25,credit,transport,3597.55,0
1011,A1011_1,2023-05-02 04:21:19.599499374,129.1,credit,utilities,3888.79,1
1029,A1029_1,2023-05-02 15:17:20.801001250,432.65,credit,utilities,4386.3,0
1006,A1006_1,2023-05-03 02:13:22.002503128,-61.56,debit,salary,4155.69,0
1001,A1001_1,2023-05-03 13:09:23.204005006,43.83,credit,transport,4183.36,0
1002,A1002_1,2023-05-04 00:05:24.405506882,49.88,credit,retail,4973.78,1
1016,A1016_1,2023-05-04 11:01:25.607008760,315.49,credit,salary,4755.56,1
1004,A1004_1,2023-05-04 21:57:26.808510638,-19.06,debit,utilities,4560.26,1
1016,A1016_0,2023-05-05 08:53:28.010012514,55.8,credit,misc,4812.22,1
1023,A1023_0,2023-05-05 19:49:29.211514392,121.58,credit,utilities,5107.28,1
1016,A1016_0,2023-05-06 06:45:30.413016270,37.32,credit,utilities,4998.96,1
1026,A1026_0,2023-05-06 17:41:31.614518146,-89.29,debit,transport,4832.46,1
1016,A1016_1,2023-05-07 04:37:32.816020024,38.82,credit,transport,4737.99,1
1001,A1001_1,2023-05-07 15:33:34.017521902,214.73,credit,salary,4949.09,0
1001,A1001_0,2023-05-08 02:29:35.219023778,-205.3,debit,retail,4763.09,0
1027,A1027_1,2023-05-08 13:25:36.420525656,26.59,credit,salary,5070.66,1
1021,A1021_0,2023-05-09 00:21:37.622027534,-140.02,debit,services,4530.75,1
1022,A1022_1,2023-05-09 11:17:38.823529410,239.01,credit,utilities,5185.99,0
1004,A1004_0,2023-05-09 22:13:40.025031288,-304.64,debit,misc,5187.27,1
1000,A1000_1,2023-05-10 09:09:41.226533166,-111.78,debit,utilities,4749.3,0
1000,A1000_1,2023-05-10 20:05:42.428035042,75.44,credit,utilities,4616.15,0
1018,A1018_0,2023-05-11 07:01:43.629536920,313.1,credit,salary,4650.69,0
1029,A1029_1,2023-05-11 17:57:44.831038798,-13.15,debit,misc,5500.41,0
1001,A1001_0,2023-05-12 04:53:46.032540676,-111.04,debit,misc,4564.93,0
1020,A1020_0,2023-05-12 15:49:47.234042552,376.23,credit,misc,5546.74,0
1011,A1011_0,2023-05-13 02:45:48.435544430,-289.6,debit,salary,5194.13,1
1025,A1025_0,2023-05-13 13:41:49.637046308,-439.76,debit,utilities,4491.78,0
1005,A1005_1,2023-05-14 00:37:50.838548184,88.0,credit,salary,4571.92,0
1022,A1022_1,2023-05-14 11:33:52.040050062,-100.41,debit,transport,3999.69,0
1003,A1003_1,2023-05-14 22:29:53.241551940,-204.25,debit,transport,4445.17,0
1022,A1022_0,2023-05-15 09:25:54.443053816,141.67,credit,salary,4673.8,0
1010,A1010_1,2023-05-15 20:21:55.644555694,48.76,credit,misc,4209.86,0
1023,A1023_0,2023-05-16 07:17:56.846057572,-112.82,debit,utilities,4377.01,1
1026,A1026_1,2023-05-16 18:13:58.047559448,-256.06,debit,salary,4179.06,1
1016,A1016_1,2023-05-17 05:09:59.249061326,174.49,credit,salary,4517.56,1
1005,A1005_1,2023-05-17 16:06:00.450563204,130.04,credit,salary,4473.37,0
1023,A1023_0,2023-05-18 03:02:01.652065080,-19.84,debit,services,3964.49,1
1004,A1004_1,2023-05-18 13:58:02.853566958,369.33,credit,transport,4662.74,1
1019,A1019_1,2023-05-19 00:54:04.055068836,-214.02,debit,misc,4675.09,0
1001,A1001_0,2023-05-19 11:50:05.256570712,-305.11,debit,retail,4555.05,0
1005,A1005_1,2023-05-19 22:46:06.458072590,-138.38,debit,misc,3978.92,0
1021,A1021_0,2023-05-20 09:42:07.659574468,-9.12,debit,retail,4811.38,1
1010,A1010_1,2023-05-20 20:38:08.861076344,48.67,credit,services,3635.42,0
1015,A1015_0,2023-05-21 07:34:10.062578222,-48.25,debit,salary,3986.4,0
1015,A1015_0,2023-05-21 18:30:11.264080100,70.41,credit,services,4201.01,0
1000,A1000_1,2023-05-22 05:26:12.465581976,-250.31,debit,services,3915.39,0
1008,A1008_0,2023-05-22 16:22:13.667083854,288.75,credit,utilities,3894.72,0
1027,A1027_0,2023-05-23 03:18:14.868585732,-16.43,debit,transport,4382.29,1
1026,A1026_0,2023-05-23 14:14:16.070087608,223.46,credit,retail,4582.72,1
1005,A1005_0,2023-05-24 01:10:17.271589486,68.55,credit,salary,4554.33,0
1015,A1015_0,2023-05-24 12:06:18.473091364,91.35,credit,retail,4730.84,0
1028,A1028_0,2023-05-24 23:02:19.674593240,113.95,credit,misc,4618.11,0
1002,A1002_1,2023-05-25 09:58:20.876095118,89.54,credit,retail,4349.57,1
1019,A1019_0,2023-05-25 20:54:22.077596996,128.54,credit,misc,4748.33,0
1027,A1027_0,2023-05-26 07:50:23.279098872,265.83,credit,transport,5276.27,1
1026,A1026_1,2023-05-26 18:46:24.480600750,39.3,credit,misc,5317.27,1
1003,A1003_1,2023-05-27 05:42:25.682102628,141.8,credit,retail,5422.66,0
1018,A1018_1,2023-05-27 16:38:26.883604504,-17.95,debit,retail,5556.91,0
1025,A1025_1,2023-05-28 03:34:28.085106382,288.02,credit,misc,5505.98,0
1002,A1002_1,2023-05-28 14:30:29.286608260,-135.28,debit,services,5553.04,1
1018,A1018_1,2023-05-29 01:26:30.488110136,360.19,credit,transport,6076.86,0
1019,A1019_1,2023-05-29 12:22:31.689612014,-8.03,debit,utilities,5871.73,0
1006,A1006_0,2023-05-29 23:18:32.891113892,-286.16,debit,salary,5238.04,0
1019,A1019_0,2023-05-30 10:14:34.092615768,25.62,credit,retail,5348.21,0
1008,A1008_1,2023-05-30 21:10:35.294117646,-136.21,debit,salary,5749.71,0
1000,A1000_0,2023-05-31 08:06:36.495619524,168.13,credit,utilities,6086.32,0
1007,A1007_0,2023-05-31 19:02:37.697121400,-130.52,debit,salary,5890.64,0
1006,A1006_0,2023-06-01 05:58:38.898623278,-89.24,debit,utilities,5518.47,0
1017,A1017_1,2023-06-01 16:54:40.100125156,-377.91,debit,misc,4709.97,0
1007,A1007_1,2023-06-02 03:50:41.301627032,-90.46,debit,services,4978.54,0
1000,A1000_0,2023-06-02 14:46:42.503128910,-484.78,debit,retail,4964.35,0
1010,A1010_1,2023-06-03 01:42:43.704630788,-316.78,debit,utilities,4364.44,0
1027,A1027_0,2023-06-03 12:38:44.906132664,152.08,credit,salary,4268.73,1
1024,A1024_0,2023-06-03 23:34:46.107634542,157.16,credit,retail,4676.72,1
1024,A1024_0,2023-06-04 10:30:47.309136420,85.09,credit,services,4192.4,1
1017,A1017_0,2023-06-04 21:26:48.510638296,-193.4,debit,misc,4171.12,0
1022,A1022_1,2023-06-05 08:22:49.712140174,-9.54,debit,retail,4045.02,0
1029,A1029_1,2023-06-05 19:18:50.913642052,-0.72,debit,utilities,4510.43,0
1009,A1009_1,2023-06-06 06:14:52.115143928,-231.67,debit,services,4352.12,0
1002,A1002_0,2023-06-06 17:10:53.316645806,300.68,credit,salary,4392.42,1
1006,A1006_1,2023-06-07 04:06:54.518147684,175.47,credit,services,4352.16,0
1027,A1027_0,2023-06-07 15:02:55.719649560,-44.19,debit,services,4563.93,1
1015,A1015_1,2023-06-08 01:58:56.921151438,5.38,credit,transport,4429.26,0
1025,A1025_0,2023-06-08 12:54:58.122653316,41.68,credit,services,4378.06,0
1015,A1015_0,2023-06-08 23:50:59.324155192,-408.35,debit,services,4310.26,0
1024,A1024_0,2023-06-09 10:47:00.525657070,-49.44,debit,retail,3931.72,1
1019,A1019_1,2023-06-09 21:43:01.727158948,-136.4,debit,salary,3552.82,0
1027,A1027_1,2023-06-10 08:39:02.928660824,-200.32,debit,retail,3419.17,1
1016,A1016_1,2023-06-10 19:35:04.130162702,-56.22,debit,retail,3285.2,1
1001,A1001_1,2023-06-11 06:31:05.331664580,359.54,credit,utilities,4199.97,0
1000,A1000_0,2023-06-11 17:27:06.533166458,128.17,credit,retail,4299.01,0
1015,A1015_1,2023-06-12 04:23:07.734668334,-114.24,debit,transport,4169.81,0
1029,A1029_1,2023-06-12 15:19:08.936170212,114.52,credit,transport,4430.49,0
1011,A1011_0,2023-06-13 02:15:10.137672090,279.87,credit,utilities,4891.63,1
1004,A1004_0,2023-06-13 13:11:11.339173966,184.93,credit,misc,4541.29,1
1004,A1004_0,2023-06-14 00:07:12.540675844,11.93,credit,salary,4852.84,1
1026,A1026_1,2023-06-14 11:03:13.742177722,-129.39,debit,salary,4127.63,1
1022,A1022_0,2023-06-14 21:59:14.943679598,139.64,credit,retail,5154.76,0
1008,A1008_0,2023-06-15 08:55:16.145181476,78.7,credit,retail,4446.4,0
1008,A1008_0,2023-06-15 19:51:17.346683354,179.04,credit,misc,4785.87,0
1002,A1002_1,2023-06-16 06:47:18.548185230,127.03,credit,retail,4946.61,1
1018,A1018_0,2023-06-16 17:43:19.749687108,209.91,credit,salary,4877.95,0
1015,A1015_1,2023-06-17 04:39:20.951188986,-107.05,debit,services,5238.55,0
1015,A1015_1,2023-06-17 15:35:22.152690862,263.48,credit,transport,5556.43,0
1002,A1002_0,2023-06-18 02:31:23.354192740,39.52,credit,services,5474.96,1
1019,A1019_0,2023-06-18 13:27:24.555694618,415.05,credit,services,5484.76,0
1023,A1023_1,2023-06-19 00:23:25.757196494,-137.84,debit,salary,6404.01,1
1021,A1021_0,2023-06-19 11:19:26.958698372,347.19,credit,services,6320.95,1
1023,A1023_0,2023-06-19 22:15:28.160200250,39.58,credit,misc,6986.03,1
1000,A1000_1,2023-06-20 09:11:29.361702126,-130.28,debit,utilities,5823.95,0
1023,A1023_1,2023-06-20 20:07:30.563204004,-96.78,debit,retail,6256.06,1
1019,A1019_0,2023-06-21 07:03:31.764705882,-64.07,debit,utilities,6138.41,0
1010,A1010_1,2023-06-21 17:59:32.966207758,84.83,credit,transport,5902.29,0
1016,A1016_0,2023-06-22 04:55:34.167709636,104.57,credit,retail,6517.35,1
1007,A1007_0,2023-06-22 15:51:35.369211514,-114.74,debit,services,5857.67,0
1003,A1003_0,2023-06-23 02:47:36.570713390,-4.87,debit,transport,5866.15,0
1005,A1005_1,2023-06-23 13:43:37.772215268,428.45,credit,retail,5361.44,0
1007,A1007_0,2023-06-24 00:39:38.973717146,345.51,credit,misc,6871.09,0
1019,A1019_0,2023-06-24 11:35:40.175219022,87.26,credit,misc,6437.99,0
1029,A1029_0,2023-06-24 22:31:41.376720900,7.6,credit,misc,6678.02,0
1002,A1002_1,2023-06-25 09:27:42.578222778,24.01,credit,misc,6559.38,1
1015,A1015_1,2023-06-25 20:23:43.779724654,122.7,credit,services,6880.08,0
1029,A1029_1,2023-06-26 07:19:44.981226532,-204.56,debit,utilities,6918.55,0
1024,A1024_1,2023-06-26 18:15:46.182728410,-51.48,debit,retail,6737.25,1
1002,A1002_1,2023-06-27 05:11:47.384230286,-333.72,debit,services,6613.08,1
1024,A1024_0,2023-06-27 16:07:48.585732164,79.84,credit,misc,6859.72,1
1028,A1028_1,2023-06-28 03:03:49.787234042,129.44,credit,utilities,6498.83,0
1017,A1017_1,2023-06-28 13:59:50.988735918,-96.64,debit,transport,6369.26,0
1013,A1013_1,2023-06-29 00:55:52.190237796,314.8,credit,transport,7114.95,0
1017,A1017_0,2023-06-29 11:51:53.391739674,-245.15,debit,transport,6893.59,0
1001,A1001_1,2023-06-29 22:47:54.593241550,-292.87,debit,misc,6511.79,0
1021,A1021_1,2023-06-30 09:43:55.794743428,44.89,credit,transport,6048.85,1
1002,A1002_0,2023-06-30 20:39:56.996245306,209.42,credit,salary,6670.72,1
1015,A1015_1,2023-07-01 07:35:58.197747182,336.79,credit,retail,6913.55,0
1028,A1028_0,2023-07-01 18:31:59.399249060,-91.78,debit,retail,7104.69,0
1008,A1008_0,2023-07-02 05:28:00.600750938,215.74,credit,misc,6832.81,0
1003,A1003_0,2023-07-02 16:24:01.802252814,-7.7,debit,salary,6496.99,0
1000,A1000_0,2023-07-03 03:20:03.003754692,-34.53,debit,services,7169.51,0
1003,A1003_0,2023-07-03 14:16:04.205256570,176.73,credit,services,6371.66,0
1000,A1000_1,2023-07-04 01:12:05.406758446,130.46,credit,transport,7050.18,0
1013,A1013_0,2023-07-04 12:08:06.608260324,-315.28,debit,utilities,6647.39,0
1020,A1020_0,2023-07-04 23:04:07.809762202,295.31,credit,services,6940.68,0
1015,A1015_1,2023-07-05 10:00:09.011264078,276.02,credit,utilities,7300.97,0
1019,A1019_0,2023-07-05 20:56:10.212765956,-125.11,debit,retail,7765.78,0
1023,A1023_1,2023-07-06 07:52:11.414267834,79.16,credit,utilities,7725.9,1
1007,A1007_1,2023-07-06 18:48:12.615769710,98.81,credit,retail,7503.02,0
1006,A1006_1,2023-07-07 05:44:13.817271588,52.13,credit,salary,7970.76,0
1002,A1002_0,2023-07-07 16:40:15.018773466,-110.06,debit,salary,7201.92,1
1016,A1016_0,2023-07-08 03:36:16.220275342,-134.32,debit,misc,7026.8,1
1000,A1000_0,2023-07-08 14:32:17.421777220,-5.11,debit,misc,7640.26,0
1015,A1015_1,2023-07-09 01:28:18.623279098,234.55,credit,transport,7789.62,0
1011,A1011_0,2023-07-09 12:24:19.824780976,108.72,credit,services,7586.37,1
1026,A1026_0,2023-07-09 23:20:21.026282852,-74.12,debit,transport,7309.69,1
1018,A1018_0,2023-07-10 10:16:22.227784730,154.34,credit,retail,8242.59,0
1021,A1021_1,2023-07-10 21:12:23.429286608,-569.71,debit,transport,6718.93,1
1022,A1022_1,2023-07-11 08:08:24.630788484,229.75,credit,utilities,7285.18,0
1021,A1021_0,2023-07-11 19:04:25.832290362,-347.94,debit,retail,7185.34,1
1013,A1013_0,2023-07-12 06:00:27.033792240,-72.49,debit,misc,7584.93,0
1029,A1029_0,2023-07-12 16:56:28.235294116,-223.93,debit,salary,6935.28,0
1005,A1005_0,2023-07-13 03:52:29.436795994,-258.94,debit,misc,6705.5,0
1005,A1005_1,2023-07-13 14:48:30.638297872,232.17,credit,services,6622.76,0
1012,A1012_1,2023-07-14 01:44:31.839799748,-93.54,debit,retail,6870.58,0
1018,A1018_1,2023-07-14 12:40:33.041301626,69.3,credit,retail,6800.93,0
1021,A1021_1,2023-07-14 23:36:34.242803504,-9.38,debit,utilities,6283.42,1
1007,A1007_0,2023-07-15 10:32:35.444305380,95.41,credit,services,7093.25,0
1026,A1026_0,2023-07-15 21:28:36.645807258,15.36,credit,salary,7161.85,1
1026,A1026_0,2023-07-16 08:24:37.847309136,-256.6,debit,retail,6855.14,1
1001,A1001_1,2023-07-16 19:20:39.048811012,199.25,credit,retail,6823.38,0
1020,A1020_0,2023-07-17 06:16:40.250312890,-98.75,debit,utilities,6427.78,0
1029,A1029_1,2023-07-17 17:12:41.451814768,-311.32,debit,transport,5710.55,0
1000,A1000_1,2023-07-18 04:08:42.653316644,-85.62,debit,salary,6364.81,0
1027,A1027_0,2023-07-18 15:04:43.854818522,300.15,credit,misc,6942.42,1
1014,A1014_0,2023-07-19 02:00:45.056320400,170.04,credit,services,7086.54,0
1000,A1000_0,2023-07-19 12:56:46.257822276,-69.73,debit,retail,6962.97,0
1004,A1004_1,2023-07-19 23:52:47.459324154,-69.85,debit,retail,6626.04,1
1027,A1027_0,2023-07-20 10:48:48.660826032,-64.33,debit,misc,6910.21,1
1028,A1028_1,2023-07-20 21:44:49.862327908,415.35,credit,salary,7276.57,0
1015,A1015_0,2023-07-21 08:40:51.063829786,76.39,credit,transport,6948.92,0
1018,A1018_1,2023-07-21 19:36:52.265331664,86.01,credit,retail,7364.7,0
1003,A1003_1,2023-07-22 06:32:53.466833540,206.06,credit,salary,7206.99,0
1002,A1002_0,2023-07-22 17:28:54.668335418,47.76,credit,misc,7577.55,1
1016,A1016_1,2023-07-23 04:24:55.869837296,-51.81,debit,utilities,6974.0,1
1016,A1016_1,2023-07-23 15:20:57.071339172,-39.27,debit,transport,6957.8,1
1011,A1011_0,2023-07-24 02:16:58.272841050,-14.32,debit,services,7627.6,1
1027,A1027_1,2023-07-24 13:12:59.474342928,-7.44,debit,retail,7583.97,1
1029,A1029_0,2023-07-25 00:09:00.675844804,145.53,credit,salary,7638.31,0
1028,A1028_1,2023-07-25 11:05:01.877346682,10.39,credit,utilities,7485.01,0
1013,A1013_0,2023-07-25 22:01:03.078848560,146.53,credit,services,6887.77,0
1020,A1020_0,2023-07-26 08:57:04.280350436,-16.14,debit,salary,7566.55,0
1005,A1005_1,2023-07-26 19:53:05.481852314,15.73,credit,salary,7740.99,0
1002,A1002_1,2023-07-27 06:49:06.683354192,-399.64,debit,services,7044.68,1
1027,A1027_1,2023-07-27 17:45:07.884856068,183.27,credit,utilities,7174.62,1
1008,A1008_1,2023-07-28 04:41:09.086357946,69.3,credit,misc,7891.0,0
1004,A1004_1,2023-07-28 15:37:10.287859824,199.6,credit,utilities,7639.18,1
1023,A1023_0,2023-07-29 02:33:11.489361700,-579.25,debit,transport,7214.46,1
1028,A1028_1,2023-07-29 13:29:12.690863580,417.67,credit,retail,7727.93,0
1016,A1016_0,2023-07-30 00:25:13.892365456,-27.92,debit,services,7167.34,1
1013,A1013_0,2023-07-30 11:21:15.093867332,221.64,credit,misc,7747.37,0
1020,A1020_1,2023-07-30 22:17:16.295369212,-207.98,debit,services,7877.32,0
1002,A1002_0,2023-07-31 09:13:17.496871088,122.55,credit,services,8149.75,1
1027,A1027_0,2023-07-31 20:09:18.698372964,-210.68,debit,utilities,7405.28,1
1000,A1000_0,2023-08-01 07:05:19.899874844,-124.75,debit,retail,7197.17,0
1019,A1019_0,2023-08-01 18:01:21.101376720,382.81,credit,transport,7732.07,0
1028,A1028_1,2023-08-02 04:57:22.302878596,-38.14,debit,salary,7686.31,0
1020,A1020_0,2023-08-02 15:53:23.504380476,43.49,credit,salary,8072.74,0
1022,A1022_1,2023-08-03 02:49:24.705882352,174.01,credit,services,7531.8,0
1000,A1000_1,2023-08-03 13:45:25.907384228,99.14,credit,retail,7845.9,0
1002,A1002_0,2023-08-04 00:41:27.108886108,30.08,credit,misc,7624.8,1
1017,A1017_1,2023-08-04 11:37:28.310387984,72.99,credit,utilities,7729.3,0
1024,A1024_1,2023-08-04 22:33:29.511889860,480.68,credit,retail,8626.58,1
1009,A1009_1,2023-08-05 09:29:30.713391740,-11.52,debit,retail,8745.05,0
1021,A1021_0,2023-08-05 20:25:31.914893616,40.22,credit,utilities,8347.49,1
1025,A1025_1,2023-08-06 07:21:33.116395492,210.13,credit,services,8984.07,0
1002,A1002_1,2023-08-06 18:17:34.317897372,221.11,credit,retail,9307.02,1
1007,A1007_1,2023-08-07 05:13:35.519399248,237.41,credit,salary,9791.37,0
1013,A1013_0,2023-08-07 16:09:36.720901124,127.75,credit,utilities,9359.63,0
1023,A1023_1,2023-08-08 03:05:37.922403004,-228.6,debit,misc,8918.18,1
1017,A1017_0,2023-08-08 14:01:39.123904880,326.69,credit,transport,9136.06,0
1014,A1014_0,2023-08-09 00:57:40.325406756,-229.27,debit,services,8876.99,0
1021,A1021_0,2023-08-09 11:53:41.526908636,60.53,credit,utilities,9642.99,1
1022,A1022_0,2023-08-09 22:49:42.728410512,-150.86,debit,transport,8662.67,0
1001,A1001_0,2023-08-10 09:45:43.929912388,-12.83,debit,transport,9469.69,0
1026,A1026_0,2023-08-10 20:41:45.131414268,65.75,credit,misc,8909.59,1
1009,A1009_1,2023-08-11 07:37:46.332916144,64.27,credit,retail,9028.83,0
1001,A1001_0,2023-08-11 18:33:47.534418020,84.38,credit,misc,9273.3,0
1025,A1025_1,2023-08-12 05:29:48.735919900,322.74,credit,retail,9430.41,0
1016,A1016_1,2023-08-12 16:25:49.937421776,90.71,credit,retail,10011.81,1
1007,A1007_0,2023-08-13 03:21:51.138923652,-48.83,debit,utilities,10227.39,0
1000,A1000_1,2023-08-13 14:17:52.340425532,192.82,credit,utilities,9678.98,0
1008,A1008_1,2023-08-14 01:13:53.541927408,237.89,credit,services,9984.43,0
1010,A1010_1,2023-08-14 12:09:54.743429284,-245.52,debit,retail,9819.58,0
1021,A1021_1,2023-08-14 23:05:55.944931164,119.48,credit,transport,10150.38,1
1015,A1015_0,2023-08-15 10:01:57.146433040,140.23,credit,salary,10082.24,0
1006,A1006_1,2023-08-15 20:57:58.347934916,-59.51,debit,services,10484.96,0
1028,A1028_0,2023-08-16 07:53:59.549436796,275.14,credit,utilities,10687.91,0
1009,A1009_1,2023-08-16 18:50:00.750938672,-30.01,debit,misc,9958.27,0
1022,A1022_1,2023-08-17 05:46:01.952440548,25.12,credit,services,10495.32,0
1025,A1025_0,2023-08-17 16:42:03.153942428,-34.61,debit,services,10760.52,0
1002,A1002_1,2023-08-18 03:38:04.355444304,3.12,credit,services,10159.11,1
1017,A1017_1,2023-08-18 14:34:05.556946180,-219.26,debit,services,10000.0,0
1024,A1024_1,2023-08-19 01:30:06.758448060,-288.01,debit,salary,9641.86,1
1023,A1023_0,2023-08-19 12:26:07.959949936,318.9,credit,misc,9967.05,1
1012,A1012_1,2023-08-19 23:22:09.161451812,-169.39,debit,misc,9449.24,0
1027,A1027_0,2023-08-20 10:18:10.362953692,-198.28,debit,misc,9353.01,1
1025,A1025_1,2023-08-20 21:14:11.564455568,-430.68,debit,retail,9344.06,0
1006,A1006_0,2023-08-21 08:10:12.765957444,-127.79,debit,transport,9647.11,0
1024,A1024_0,2023-08-21 19:06:13.967459324,-264.62,debit,misc,8744.4,1
1003,A1003_1,2023-08-22 06:02:15.168961200,328.4,credit,services,9063.98,0
1012,A1012_1,2023-08-22 16:58:16.370463076,201.96,credit,services,9969.23,0
1019,A1019_0,2023-08-23 03:54:17.571964956,-137.63,debit,misc,8988.66,0
1000,A1000_0,2023-08-23 14:50:18.773466832,450.49,credit,misc,9273.26,0
1007,A1007_1,2023-08-24 01:46:19.974968708,196.35,credit,services,9719.43,0
1013,A1013_0,2023-08-24 12:42:21.176470588,-64.97,debit,retail,9704.17,0
1015,A1015_1,2023-08-24 23:38:22.377972464,-499.88,debit,utilities,8878.89,0
1013,A1013_1,2023-08-25 10:34:23.579474340,458.19,credit,utilities,9822.91,0
1011,A1011_1,2023-08-25 21:30:24.780976220,-277.91,debit,misc,9867.94,1
1018,A1018_1,2023-08-26 08:26:25.982478096,-329.08,debit,salary,8868.54,0
1022,A1022_0,2023-08-26 19:22:27.183979972,204.51,credit,misc,9485.11,0
1014,A1014_1,2023-08-27 06:18:28.385481852,487.95,credit,misc,10065.57,0
1027,A1027_0,2023-08-27 17:14:29.586983728,276.85,credit,utilities,10198.62,1
1001,A1001_1,2023-08-28 04:10:30.788485604,112.78,credit,services,10392.13,0
1001,A1001_0,2023-08-28 15:06:31.989987484,118.95,credit,misc,10514.57,0
1022,A1022_1,2023-08-29 02:02:33.191489360,170.68,credit,services,10382.23,0
1021,A1021_0,2023-08-29 12:58:34.392991236,151.79,credit,services,11227.41,1
1018,A1018_0,2023-08-29 23:54:35.594493116,56.24,credit,salary,11208.41,0
1024,A1024_1,2023-08-30 10:50:36.795994992,20.84,credit,services,11211.89,1
1025,A1025_1,2023-08-30 21:46:37.997496868,-12.52,debit,utilities,11146.5,0
1029,A1029_1,2023-08-31 08:42:39.198998748,-150.79,debit,retail,10219.12,0
1028,A1028_1,2023-08-31 19:38:40.400500624,-56.14,debit,retail,10913.29,0
1021,A1021_0,2023-09-01 06:34:41.602002500,-338.59,debit,transport,10493.56,1
1025,A1025_1,2023-09-01 17:30:42.803504380,-19.67,debit,misc,9816.25,0
1025,A1025_0,2023-09-02 04:26:44.005006256,-197.72,debit,utilities,10015.02,0
1021,A1021_0,2023-09-02 15:22:45.206508132,-220.72,debit,services,9941.81,1
1016,A1016_1,2023-09-03 02:18:46.408010012,35.98,credit,retail,10394.05,1
1019,A1019_0,2023-09-03 13:14:47.609511888,278.4,credit,utilities,10390.57,0
1009,A1009_0,2023-09-04 00:10:48.811013764,183.66,credit,retail,10097.44,0
1005,A1005_0,2023-09-04 11:06:50.012515644,-314.1,debit,services,10551.33,0
1014,A1014_0,2023-09-04 22:02:51.214017520,-197.93,debit,retail,9857.91,0
1021,A1021_1,2023-09-05 08:58:52.415519396,188.15,credit,misc,9956.18,1
1010,A1010_1,2023-09-05 19:54:53.617021276,-196.5,debit,misc,9738.29,0
1027,A1027_1,2023-09-06 06:50:54.818523152,-44.93,debit,transport,9304.43,1
1004,A1004_1,2023-09-06 17:46:56.020025028,110.01,credit,transport,9868.58,1
1000,A1000_0,2023-09-07 04:42:57.221526908,-193.67,debit,retail,9857.09,0
1007,A1007_0,2023-09-07 15:38:58.423028784,21.08,credit,utilities,9613.31,0
1020,A1020_1,2023-09-08 02:34:59.624530660,-266.81,debit,misc,9588.25,0
1027,A1027_1,2023-09-08 13:31:00.826032540,-120.27,debit,utilities,9082.52,1
1011,A1011_1,2023-09-09 00:27:02.027534416,63.96,credit,utilities,9363.52,1
1011,A1011_0,2023-09-09 11:23:03.229036292,-318.6,debit,retail,9182.16,1
1004,A1004_1,2023-09-09 22:19:04.430538172,88.09,credit,utilities,9232.19,1
1006,A1006_1,2023-09-10 09:15:05.632040048,-3.93,debit,misc,8689.72,0
1003,A1003_1,2023-09-10 20:11:06.833541924,110.5,credit,services,9150.16,0
1005,A1005_0,2023-09-11 07:07:08.035043804,44.78,credit,transport,9829.88,0
1012,A1012_0,2023-09-11 18:03:09.236545680,272.83,credit,services,9451.74,0
1019,A1019_0,2023-09-12 04:59:10.438047556,25.04,credit,utilities,9629.25,0
1029,A1029_0,2023-09-12 15:55:11.639549436,-85.88,debit,services,9512.6,0
1014,A1014_0,2023-09-13 02:51:12.841051312,24.46,credit,misc,10033.56,0
1002,A1002_0,2023-09-13 13:47:14.042553188,108.66,credit,misc,10058.86,1
1022,A1022_0,2023-09-14 00:43:15.244055068,9.77,credit,utilities,9923.78,0
1007,A1007_0,2023-09-14 11:39:16.445556944,8.12,credit,retail,9397.67,0
1019,A1019_1,2023-09-14 22:35:17.647058820,-140.4,debit,services,9656.99,0
1015,A1015_1,2023-09-15 09:31:18.848560700,-132.58,debit,retail,9587.04,0
1012,A1012_0,2023-09-15 20:27:20.050062576,-280.52,debit,retail,8926.56,0
1017,A1017_0,2023-09-16 07:23:21.251564452,349.92,credit,salary,9224.9,0
1027,A1027_1,2023-09-16 18:19:22.453066332,-248.77,debit,utilities,9748.79,1
1009,A1009_0,2023-09-17 05:15:23.654568208,-138.58,debit,transport,9008.47,0
1029,A1029_0,2023-09-17 16:11:24.856070084,-143.68,debit,misc,9439.52,0
1018,A1018_0,2023-09-18 03:07:26.057571964,178.98,credit,misc,9433.14,0
1016,A1016_1,2023-09-18 14:03:27.259073840,-58.99,debit,utilities,9197.38,1
1023,A1023_1,2023-09-19 00:59:28.460575716,249.55,credit,transport,9460.33,1
1018,A1018_1,2023-09-19 11:55:29.662077596,-134.7,debit,misc,8769.74,0
1027,A1027_1,2023-09-19 22:51:30.863579472,55.8,credit,utilities,9307.7,1
1025,A1025_1,2023-09-20 09:47:32.065081352,-167.07,debit,misc,9503.71,0
1022,A1022_0,2023-09-20 20:43:33.266583228,429.03,credit,retail,9712.03,0
1025,A1025_1,2023-09-21 07:39:34.468085104,-237.52,debit,services,9316.41,0
1004,A1004_0,2023-09-21 18:35:35.669586984,61.96,credit,services,9845.65,1
1025,A1025_0,2023-09-22 05:31:36.871088860,126.76,credit,misc,9403.32,0
1020,A1020_1,2023-09-22 16:27:38.072590736,82.76,credit,salary,9355.72,0
1029,A1029_1,2023-09-23 03:23:39.274092616,-37.06,debit,transport,9550.68,0
1022,A1022_0,2023-09-23 14:19:40.475594492,-25.96,debit,transport,9708.51,0
1008,A1008_0,2023-09-24 01:15:41.677096368,8.76,credit,transport,8971.99,0
1011,A1011_0,2023-09-24 12:11:42.878598248,-29.4,debit,retail,9543.39,1
1020,A1020_1,2023-09-24 23:07:44.080100124,192.78,credit,transport,9893.81,0
1000,A1000_1,2023-09-25 10:03:45.281602000,442.1,credit,services,10011.92,0
1025,A1025_1,2023-09-25 20:59:46.483103880,-111.5,debit,retail,10313.4,0
1025,A1025_1,2023-09-26 07:55:47.684605756,-273.96,debit,utilities,9899.71,0
1000,A1000_1,2023-09-26 18:51:48.886107632,-17.66,debit,transport,10332.1,0
1014,A1014_0,2023-09-27 05:47:50.087609512,515.94,credit,transport,9980.45,0
1001,A1001_1,2023-09-27 16:43:51.289111388,-160.73,debit,utilities,10294.11,0
1029,A1029_0,2023-09-28 03:39:52.490613264,327.82,credit,transport,10067.52,0
1021,A1021_0,2023-09-28 14:35:53.692115144,335.54,credit,utilities,10223.65,1
1015,A1015_0,2023-09-29 01:31:54.893617020,-110.72,debit,retail,9986.88,0
1024,A1024_1,2023-09-29 12:27:56.095118896,113.8,credit,services,10872.84,1
1007,A1007_1,2023-09-29 23:23:57.296620776,325.68,credit,utilities,11092.29,0
1012,A1012_1,2023-09-30 10:19:58.498122652,-75.83,debit,salary,10817.47,0
1020,A1020_0,2023-09-30 21:15:59.699624528,-40.72,debit,utilities,10388.42,0
1000,A1000_0,2023-10-01 08:12:00.901126408,-116.34,debit,transport,10597.01,0
1015,A1015_0,2023-10-01 19:08:02.102628284,-202.95,debit,retail,10602.41,0
1028,A1028_0,2023-10-02 06:04:03.304130160,-129.86,debit,misc,10709.27,0
1006,A1006_0,2023-10-02 17:00:04.505632040,-244.79,debit,retail,10221.57,0
1004,A1004_0,2023-10-03 03:56:05.707133916,6.82,credit,misc,10308.97,1
1021,A1021_1,2023-10-03 14:52:06.908635792,-153.99,debit,utilities,9966.52,1
1028,A1028_1,2023-10-04 01:48:08.110137672,46.76,credit,services,10650.89,0
1022,A1022_1,2023-10-04 12:44:09.311639548,-311.18,debit,salary,9509.47,0
1002,A1002_1,2023-10-04 23:40:10.513141424,66.18,credit,retail,9671.35,1
1011,A1011_0,2023-10-05 10:36:11.714643304,166.71,credit,transport,9900.12,1
1025,A1025_0,2023-10-05 21:32:12.916145180,-398.75,debit,misc,9811.89,0
1015,A1015_1,2023-10-06 08:28:14.117647056,74.81,credit,transport,9412.23,0
1018,A1018_0,2023-10-06 19:24:15.319148936,245.53,credit,services,10010.14,0
1004,A1004_1,2023-10-07 06:20:16.520650812,-241.93,debit,misc,9776.96,1
1021,A1021_1,2023-10-07 17:16:17.722152688,334.51,credit,retail,9853.69,1
1024,A1024_1,2023-10-08 04:12:18.923654568,83.8,credit,utilities,10244.79,1
1028,A1028_0,2023-10-08 15:08:20.125156444,-141.0,debit,transport,9702.46,0
1013,A1013_1,2023-10-09 02:04:21.326658320,-11.15,debit,services,9658.53,0
1027,A1027_1,2023-10-09 13:00:22.528160200,111.67,credit,retail,10135.2,1
1004,A1004_1,2023-10-09 23:56:23.729662076,15.2,credit,retail,9622.59,1
1014,A1014_0,2023-10-10 10:52:24.931163952,107.75,credit,retail,9584.83,0
1016,A1016_0,2023-10-10 21:48:26.132665832,-184.13,debit,retail,10203.99,1
1029,A1029_1,2023-10-11 08:44:27.334167708,33.87,credit,misc,10392.7,0
1013,A1013_0,2023-10-11 19:40:28.535669584,-282.74,debit,retail,9655.23,0
1029,A1029_0,2023-10-12 06:36:29.737171464,-22.25,debit,transport,9572.6,0
1019,A1019_0,2023-10-12 17:32:30.938673340,-180.78,debit,services,9893.9,0
1004,A1004_0,2023-10-13 04:28:32.140175216,-147.11,debit,misc,9101.47,1
1011,A1011_0,2023-10-13 15:24:33.341677096,247.22,credit,retail,9283.34,1
1015,A1015_0,2023-10-14 02:20:34.543178972,218.26,credit,salary,10122.9,0
1025,A1025_0,2023-10-14 13:16:35.744680848,121.83,credit,salary,10035.15,0
1025,A1025_0,2023-10-15 00:12:36.946182728,-218.46,debit,services,10133.44,0
1015,A1015_0,2023-10-15 11:08:38.147684604,-63.28,debit,utilities,9108.62,0
1020,A1020_0,2023-10-15 22:04:39.349186480,242.62,credit,utilities,9573.12,0
1006,A1006_1,2023-10-16 09:00:40.550688360,28.34,credit,misc,10025.96,0
1003,A1003_1,2023-10-16 19:56:41.752190236,463.87,credit,misc,10610.83,0
1000,A1000_0,2023-10-17 06:52:42.953692112,78.66,credit,misc,10818.29,0
1029,A1029_1,2023-10-17 17:48:44.155193992,38.41,credit,utilities,10655.05,0
1029,A1029_1,2023-10-18 04:44:45.356695868,-61.82,debit,salary,10590.18,0
1004,A1004_0,2023-10-18 15:40:46.558197744,26.71,credit,utilities,10450.67,1
1022,A1022_0,2023-10-19 02:36:47.759699624,-30.49,debit,transport,11014.27,0
1025,A1025_0,2023-10-19 13:32:48.961201500,141.62,credit,retail,10347.71,0
1009,A1009_1,2023-10-20 00:28:50.162703376,191.34,credit,misc,10977.67,0
1021,A1021_1,2023-10-20 11:24:51.364205256,-157.2,debit,salary,10416.42,1
1004,A1004_0,2023-10-20 22:20:52.565707132,-266.25,debit,services,10606.94,1
1003,A1003_0,2023-10-21 09:16:53.767209008,-367.24,debit,services,9768.16,0
1001,A1001_0,2023-10-21 20:12:54.968710888,101.6,credit,retail,10404.01,0
1019,A1019_1,2023-10-22 07:08:56.170212764,-220.67,debit,salary,9993.83,0
1009,A1009_1,2023-10-22 18:04:57.371714640,-430.58,debit,utilities,10053.01,0
1025,A1025_1,2023-10-23 05:00:58.573216520,77.72,credit,utilities,9523.03,0
1018,A1018_1,2023-10-23 15:56:59.774718396,498.6,credit,transport,10233.43,0
1025,A1025_0,2023-10-24 02:53:00.976220272,-1.21,debit,transport,9870.83,0
1000,A1000_0,2023-10-24 13:49:02.177722152,167.7,credit,utilities,10186.06,0
1023,A1023_0,2023-10-25 00:45:03.379224028,16.37,credit,services,10320.52,1
1004,A1004_0,2023-10-25 11:41:04.580725904,-19.78,debit,misc,9810.85,1
1012,A1012_1,2023-10-25 22:37:05.782227784,183.82,credit,services,10027.55,0
1003,A1003_1,2023-10-26 09:33:06.983729660,-58.05,debit,transport,10574.75,0
1015,A1015_0,2023-10-26 20:29:08.185231536,53.48,credit,retail,10404.44,0
1023,A1023_0,2023-10-27 07:25:09.386733416,64.34,credit,utilities,10334.73,1
1015,A1015_1,2023-10-27 18:21:10.588235292,-133.62,debit,transport,10157.89,0
1022,A1022_0,2023-10-28 05:17:11.789737168,198.41,credit,transport,10367.85,0
1001,A1001_1,2023-10-28 16:13:12.991239048,-34.99,debit,misc,10576.18,0
1016,A1016_0,2023-10-29 03:09:14.192740924,-151.15,debit,utilities,10524.77,1
1027,A1027_0,2023-10-29 14:05:15.394242800,107.3,credit,misc,9870.93,1
1026,A1026_0,2023-10-30 01:01:16.595744680,-179.69,debit,utilities,10742.72,1
1019,A1019_0,2023-10-30 11:57:17.797246556,5.64,credit,misc,10727.02,0
1023,A1023_0,2023-10-30 22:53:18.998748432,-1.82,debit,services,9623.49,1
1011,A1011_0,2023-10-31 09:49:20.200250312,217.18,credit,retail,10865.65,1
1017,A1017_0,2023-10-31 20:45:21.401752188,94.94,credit,retail,10951.38,0
1002,A1002_1,2023-11-01 07:41:22.603254064,-5.01,debit,utilities,10629.93,1
1027,A1027_1,2023-11-01 18:37:23.804755944,163.55,credit,salary,10404.2,1
1000,A1000_1,2023-11-02 05:33:25.006257820,278.04,credit,transport,11375.96,0
1000,A1000_1,2023-11-02 16:29:26.207759696,111.56,credit,transport,11110.58,0
1028,A1028_1,2023-11-03 03:25:27.409261576,2.07,credit,utilities,11349.68,0
1018,A1018_0,2023-11-03 14:21:28.610763452,-262.37,debit,misc,11588.41,0
1010,A1010_0,2023-11-04 01:17:29.812265328,-213.02,debit,salary,10785.18,0
1004,A1004_1,2023-11-04 12:13:31.013767208,-61.04,debit,services,10373.52,1
1011,A1011_0,2023-11-04 23:09:32.215269084,-121.9,debit,misc,10425.97,1
1002,A1002_1,2023-11-05 10:05:33.416770960,-37.39,debit,misc,10252.47,1
1000,A1000_1,2023-11-05 21:01:34.618272840,11.33,credit,utilities,10630.68,0
1000,A1000_0,2023-11-06 07:57:35.819774716,105.94,credit,utilities,10364.75,0
1007,A1007_0,2023-11-06 18:53:37.021276592,-14.1,debit,transport,10450.61,0
1009,A1009_0,2023-11-07 05:49:38.222778472,97.3,credit,utilities,10304.44,0
1010,A1010_1,2023-11-07 16:45:39.424280348,12.89,credit,utilities,10663.03,0
1011,A1011_0,2023-11-08 03:41:40.625782224,-395.09,debit,utilities,10360.6,1
1028,A1028_1,2023-11-08 14:37:41.827284104,-187.87,debit,transport,9314.26,0
1012,A1012_1,2023-11-09 01:33:43.028785980,-28.82,debit,services,10168.75,0
1011,A1011_1,2023-11-09 12:29:44.230287856,-241.94,debit,services,9835.23,1
1013,A1013_0,2023-11-09 23:25:45.431789736,119.99,credit,utilities,9739.43,0
1001,A1001_0,2023-11-10 10:21:46.633291612,306.15,credit,transport,10883.67,0
1028,A1028_1,2023-11-10 21:17:47.834793488,243.75,credit,services,10806.37,0
1018,A1018_0,2023-11-11 08:13:49.036295368,-42.69,debit,misc,10147.22,0
1017,A1017_0,2023-11-11 19:09:50.237797244,298.15,credit,services,11025.76,0
1002,A1002_0,2023-11-12 06:05:51.439299120,29.73,credit,services,11177.37,1
1022,A1022_1,2023-11-12 17:01:52.640801000,-67.42,debit,transport,10776.21,0
1016,A1016_1,2023-11-13 03:57:53.842302876,-122.68,debit,misc,10722.35,1
1025,A1025_0,2023-11-13 14:53:55.043804752,-60.49,debit,transport,10654.93,0
1007,A1007_1,2023-11-14 01:49:56.245306632,-77.64,debit,utilities,9850.05,0
1028,A1028_0,2023-11-14 12:45:57.446808508,34.08,credit,retail,10453.81,0
1025,A1025_0,2023-11-14 23:41:58.648310384,32.11,credit,services,10470.31,0
1009,A1009_0,2023-11-15 10:37:59.849812264,0.61,credit,retail,10971.64,0
1025,A1025_0,2023-11-15 21:34:01.051314140,87.39,credit,transport,10730.1,0
1029,A1029_1,2023-11-16 08:30:02.252816016,238.13,credit,transport,10778.83,0
1001,A1001_1,2023-11-16 19:26:03.454317896,189.91,credit,transport,11030.98,0
1018,A1018_1,2023-11-17 06:22:04.655819772,-296.98,debit,retail,11068.06,0
1008,A1008_0,2023-11-17 17:18:05.857321648,-510.78,debit,transport,10194.88,0
1006,A1006_0,2023-11-18 04:14:07.058823528,186.86,credit,utilities,10227.66,0
1003,A1003_0,2023-11-18 15:10:08.260325404,-273.38,debit,transport,10081.03,0
1025,A1025_1,2023-11-19 02:06:09.461827284,-44.95,debit,salary,10401.0,0
1020,A1020_0,2023-11-19 13:02:10.663329160,-234.02,debit,retail,10033.62,0
1017,A1017_1,2023-11-19 23:58:11.864831036,-360.4,debit,salary,9537.65,0
1012,A1012_1,2023-11-20 10:54:13.066332916,108.29,credit,transport,9690.12,0
1010,A1010_1,2023-11-20 21:50:14.267834792,151.83,credit,utilities,9616.57,0
1028,A1028_1,2023-11-21 08:46:15.469336668,-115.3,debit,services,9611.01,0
1023,A1023_1,2023-11-21 19:42:16.670838548,-518.21,debit,misc,8951.99,1
1003,A1003_1,2023-11-22 06:38:17.872340424,-109.25,debit,misc,8953.3,0
1024,A1024_0,2023-11-22 17:34:19.073842300,78.36,credit,transport,9523.94,1
1020,A1020_0,2023-11-23 04:30:20.275344180,-295.78,debit,utilities,8500.95,0
1028,A1028_1,2023-11-23 15:26:21.476846056,36.67,credit,retail,8654.36,0
1024,A1024_1,2023-11-24 02:22:22.678347932,-3.06,debit,salary,8481.63,1
1003,A1003_0,2023-11-24 13:18:23.879849812,115.86,credit,salary,8532.51,0
1009,A1009_1,2023-11-25 00:14:25.081351688,23.92,credit,salary,8941.67,0
1004,A1004_1,2023-11-25 11:10:26.282853564,-194.61,debit,retail,8617.81,1
1008,A1008_0,2023-11-25 22:06:27.484355444,239.31,credit,misc,9570.91,0
1023,A1023_1,2023-11-26 09:02:28.685857320,-31.71,debit,utilities,8925.84,1
1002,A1002_1,2023-11-26 19:58:29.887359196,-5.46,debit,retail,9392.05,1
1016,A1016_1,2023-11-27 06:54:31.088861076,-186.65,debit,salary,9108.98,1
1002,A1002_0,2023-11-27 17:50:32.290362952,-88.66,debit,transport,8667.23,1
1015,A1015_0,2023-11-28 04:46:33.491864828,-176.96,debit,services,9186.0,0
1003,A1003_0,2023-11-28 15:42:34.693366708,-34.59,debit,retail,8598.93,0
1017,A1017_1,2023-11-29 02:38:35.894868584,342.34,credit,retail,9314.61,0
1016,A1016_1,2023-11-29 13:34:37.096370460,-274.38,debit,utilities,9005.31,1
1006,A1006_0,2023-11-30 00:30:38.297872340,-322.71,debit,utilities,8388.01,0
1023,A1023_1,2023-11-30 11:26:39.499374216,294.23,credit,retail,8783.19,1
1022,A1022_1,2023-11-30 22:22:40.700876092,-41.86,debit,salary,8703.21,0
1029,A1029_1,2023-12-01 09:18:41.902377972,-133.81,debit,services,8038.9,0
1004,A1004_1,2023-12-01 20:14:43.103879848,207.98,credit,utilities,8607.35,1
1011,A1011_1,2023-12-02 07:10:44.305381724,-121.12,debit,salary,8791.31,1
1016,A1016_0,2023-12-02 18:06:45.506883604,365.2,credit,transport,9292.1,1
1022,A1022_1,2023-12-03 05:02:46.708385480,135.59,credit,utilities,8753.64,0
1012,A1012_0,2023-12-03 15:58:47.909887356,-97.58,debit,salary,9030.9,0
1022,A1022_1,2023-12-04 02:54:49.111389236,431.46,credit,salary,9348.97,0
1024,A1024_0,2023-12-04 13:50:50.312891112,-121.14,debit,services,9147.21,1
1002,A1002_1,2023-12-05 00:46:51.514392988,148.42,credit,services,9437.79,1
1008,A1008_0,2023-12-05 11:42:52.715894868,59.86,credit,transport,9456.25,0
1029,A1029_1,2023-12-05 22:38:53.917396744,260.35,credit,salary,9813.62,0
1016,A1016_0,2023-12-06 09:34:55.118898620,312.3,credit,misc,10396.02,1
1016,A1016_1,2023-12-06 20:30:56.320400500,6.4,credit,salary,10205.14,1
1029,A1029_0,2023-12-07 07:26:57.521902376,-150.68,debit,services,9912.4,0
1019,A1019_1,2023-12-07 18:22:58.723404252,91.99,credit,misc,10470.6,0
1015,A1015_0,2023-12-08 05:18:59.924906132,-135.54,debit,utilities,10108.65,0
1024,A1024_0,2023-12-08 16:15:01.126408008,402.68,credit,utilities,10150.63,1
1021,A1021_1,2023-12-09 03:11:02.327909884,27.31,credit,retail,9840.52,1
1012,A1012_1,2023-12-09 14:07:03.529411764,-73.06,debit,services,9836.25,0
1026,A1026_0,2023-12-10 01:03:04.730913640,36.94,credit,retail,10449.51,1
1018,A1018_1,2023-12-10 11:59:05.932415516,-269.43,debit,misc,9711.02,0
1016,A1016_0,2023-12-10 22:55:07.133917396,-194.32,debit,services,9403.37,1
1003,A1003_0,2023-12-11 09:51:08.335419272,240.08,credit,transport,9718.44,0
1011,A1011_0,2023-12-11 20:47:09.536921148,-131.38,debit,salary,9608.27,1
1028,A1028_1,2023-12-12 07:43:10.738423028,-209.38,debit,transport,9860.3,0
1008,A1008_0,2023-12-12 18:39:11.939924904,107.33,credit,misc,9665.42,0
1018,A1018_0,2023-12-13 05:35:13.141426780,237.14,credit,services,9537.87,0
1011,A1011_1,2023-12-13 16:31:14.342928660,143.79,credit,misc,10102.68,1
1008,A1008_1,2023-12-14 03:27:15.544430536,199.21,credit,salary,10359.26,0
1006,A1006_1,2023-12-14 14:23:16.745932412,-151.36,debit,utilities,9997.42,0
1027,A1027_1,2023-12-15 01:19:17.947434292,-284.36,debit,utilities,10203.63,1
1013,A1013_0,2023-12-15 12:15:19.148936168,300.27,credit,misc,10030.85,0
1019,A1019_0,2023-12-15 23:11:20.350438044,-64.54,debit,retail,10425.09,0
1018,A1018_0,2023-12-16 10:07:21.551939924,-50.17,debit,services,10221.45,0
1025,A1025_0,2023-12-16 21:03:22.753441800,265.64,credit,services,10586.04,0
1014,A1014_1,2023-12-17 07:59:23.954943676,111.25,credit,utilities,10089.74,0
1015,A1015_0,2023-12-17 18:55:25.156445556,91.18,credit,transport,10539.98,0
1020,A1020_0,2023-12-18 05:51:26.357947432,433.0,credit,salary,10927.64,0
1004,A1004_1,2023-12-18 16:47:27.559449308,-128.7,debit,transport,10388.19,1
1002,A1002_0,2023-12-19 03:43:28.760951188,185.57,credit,transport,11331.88,1
1011,A1011_0,2023-12-19 14:39:29.962453064,11.4,credit,misc,10766.54,1
1024,A1024_0,2023-12-20 01:35:31.163954940,53.72,credit,utilities,10882.61,1
1019,A1019_0,2023-12-20 12:31:32.365456820,305.69,credit,utilities,11067.18,0
1026,A1026_0,2023-12-20 23:27:33.566958696,101.57,credit,utilities,11683.1,1
1020,A1020_0,2023-12-21 10:23:34.768460572,107.66,credit,misc,11122.62,0
1003,A1003_1,2023-12-21 21:19:35.969962452,214.5,credit,retail,11980.26,0
1020,A1020_1,2023-12-22 08:15:37.171464328,-72.99,debit,transport,12035.26,0
1022,A1022_0,2023-12-22 19:11:38.372966204,-167.84,debit,misc,11715.22,0
1015,A1015_0,2023-12-23 06:07:39.574468084,-208.96,debit,services,11558.9,0
1024,A1024_1,2023-12-23 17:03:40.775969960,-393.27,debit,salary,11179.7,1
1006,A1006_0,2023-12-24 03:59:41.977471836,411.24,credit,retail,11078.25,0
1012,A1012_0,2023-12-24 14:55:43.178973716,-220.64,debit,services,11572.86,0
1020,A1020_0,2023-12-25 01:51:44.380475592,-44.25,debit,transport,10960.17,0
1009,A1009_1,2023-12-25 12:47:45.581977468,-55.36,debit,utilities,11022.91,0
1025,A1025_0,2023-12-25 23:43:46.783479348,61.48,credit,transport,11004.52,0
1006,A1006_1,2023-12-26 10:39:47.984981224,163.15,credit,misc,11414.92,0
1013,A1013_0,2023-12-26 21:35:49.186483100,172.09,credit,salary,11278.14,0
1025,A1025_1,2023-12-27 08:31:50.387984980,-116.62,debit,misc,11343.0,0
1004,A1004_1,2023-12-27 19:27:51.589486856,-33.42,debit,retail,10918.91,1
1002,A1002_0,2023-12-28 06:23:52.790988732,56.52,credit,retail,11695.43,1
1022,A1022_1,2023-12-28 17:19:53.992490612,-49.74,debit,salary,11497.51,0
1028,A1028_0,2023-12-29 04:15:55.193992488,321.47,credit,services,11530.08,0
1010,A1010_1,2023-12-29 15:11:56.395494364,98.19,credit,services,11575.21,0
1010,A1010_0,2023-12-30 02:07:57.596996244,146.98,credit,retail,12056.32,0
1017,A1017_0,2023-12-30 13:03:58.798498120,132.58,credit,retail,11783.32,0
1014,A1014_1,2023-12-31 00:00:00.000000000,234.69,credit,utilities,12267.81,0
